id,attrition_flag
3005,0.0031012296676635742
143,0.7573200762271881
5508,9.928345680236816e-4
6474,1.2290477752685547e-4
9784,0.002389669418334961
3615,0.004351794719696045
1146,0.0014739036560058594
9014,3.641843795776367e-4
5893,0.07336950302124023
6095,0.01814281940460205
7048,0.6054833233356476
8010,0.04189795255661011
5377,0.0016133785247802734
6609,2.7102231979370117e-4
9076,0.009382307529449463
8179,0.9878686014562845
5559,0.10990816354751587
5151,6.072521209716797e-4
2186,0.46470654010772705
4801,8.548498153686523e-4
320,3.4415721893310547e-4
8661,0.9437409862875938
5103,0.0020165443420410156
5178,0.9138409793376923
6963,0.001189589500427246
4594,4.20987606048584e-4
9702,0.9122816473245621
116,4.011988639831543e-4
1958,0.002126336097717285
9577,0.01274871826171875
820,5.136728286743164e-4
1544,3.241300582885742e-4
9175,0.7538388669490814
4672,0.8777948841452599
9007,7.308125495910645e-4
757,4.3767690658569336e-4
85,2.586245536804199e-4
3721,1.4030933380126953e-4
8624,9.388327598571777e-4
5666,0.0099295973777771
2866,9.691715240478516e-5
1915,1.3315677642822266e-4
3922,2.2274255752563477e-4
1763,0.002689838409423828
6042,3.3736228942871094e-4
6805,0.0026189684867858887
7155,1.3840198516845703e-4
7017,0.0020918846130371094
5200,0.0014159679412841797
2716,3.4224987030029297e-4
5095,6.715059280395508e-4
8818,0.001225292682647705
1658,2.757906913757324e-4
7390,0.001456618309020996
9924,0.9637935645878315
10032,0.012788772583007813
5239,0.010623693466186523
8211,0.8992733880877495
5236,0.9436976537108421
1707,0.9867588803172112
5466,8.644461631774902e-4
4421,0.00639188289642334
3700,1.900792121887207e-4
7599,6.512999534606934e-4
950,1.3196468353271484e-4
8831,0.0014314651489257813
2944,5.179047584533691e-4
6015,4.1407346725463867e-4
4975,1.3887882232666016e-4
8973,0.8921888023614883
742,2.2429227828979492e-4
7094,0.0024601221084594727
5506,0.005412101745605469
7533,0.0013341903686523438
7085,0.009867191314697266
1862,0.005907118320465088
7072,0.008482933044433594
843,0.0023772120475769043
4144,0.7320769727230072
5349,0.8100081235170364
604,0.002202272415161133
9918,3.085136413574219e-4
7763,5.617737770080566e-4
9483,3.8361549377441406e-4
8627,3.045797348022461e-4
4228,0.005895793437957764
5443,0.7199001610279083
8534,5.726814270019531e-4
4075,0.0010383129119873047
1609,0.007612109184265137
1792,0.05915331840515137
2527,0.9284315705299377
5925,0.0036830902099609375
7509,0.0010814666748046875
8842,0.01103508472442627
4137,0.015039384365081787
7997,1.8280744552612305e-4
6954,0.0019150972366333008
5298,0.028367698192596436
9856,0.014950215816497803
5357,0.01011282205581665
3739,3.3032894134521484e-4
3622,0.6599123775959015
905,2.2596120834350586e-4
7960,0.9807202722877264
3041,7.752180099487305e-4
7421,0.006792247295379639
6742,0.0010136961936950684
8273,4.705190658569336e-4
6425,2.2560358047485352e-4
10099,2.0569562911987305e-4
238,0.006363630294799805
5339,0.004082024097442627
3506,0.0014519095420837402
8330,0.0012195706367492676
1427,5.225539207458496e-4
4595,8.372068405151367e-4
376,2.773404121398926e-4
7376,0.0042078495025634766
6507,0.005324721336364746
5006,1.5628337860107422e-4
8987,0.01136469841003418
2179,0.016542673110961914
3253,4.2885541915893555e-4
5664,8.781552314758301e-4
3489,0.005310535430908203
7734,3.2782554626464844e-4
8280,0.0019222497940063477
5663,0.0012460947036743164
1986,0.2139034867286682
1106,0.979802917689085
2858,9.2983245849609375e-005
8136,0.19077074527740479
1280,4.894733428955078e-4
7223,5.997419357299805e-4
776,0.028591573238372803
3957,8.237361907958984e-5
6277,0.08799952268600464
1902,1.6701221466064453e-4
2257,0.9650151282548904
9876,8.831620216369629e-4
3709,0.0016527175903320313
4618,4.381537437438965e-4
6648,9.334683418273926e-4
4630,7.0095062255859375e-005
832,0.0022139549255371094
4586,6.400942802429199e-4
8438,0.001295328140258789
4065,5.410313606262207e-4
3553,0.9664081186056137
2519,1.437664031982422e-4
3072,0.13458800315856934
6444,2.3740530014038086e-4
7231,3.4248828887939453e-4
8879,0.9687429331243038
5749,0.0030667781829833984
4132,2.974867820739746e-4
738,1.8388032913208008e-4
3194,0.002151966094970703
6814,0.9873957671225071
7043,0.04185473918914795
4860,0.9704299066215754
3346,2.1344423294067383e-4
420,0.9554810039699078
277,0.005655765533447266
5738,5.292296409606934e-4
9368,8.856654167175293e-4
7338,6.191730499267578e-4
5012,1.7815828323364258e-4
98,0.9906639456748962
8491,0.01118534803390503
2008,2.887845039367676e-4
8209,1.723766326904297e-4
5513,0.07166427373886108
2476,0.001850724220275879
4232,0.004159271717071533
2715,7.736682891845703e-5
6261,1.5270709991455078e-4
2610,0.037142813205718994
7992,0.0017845630645751953
2256,0.03471696376800537
1497,0.7570043057203293
4423,0.983225878328085
4053,6.866455078125e-4
8857,2.625584602355957e-4
5808,1.4972686767578125e-4
9606,0.0016755461692810059
3524,0.00238645076751709
5576,0.18091076612472534
6000,0.990557374432683
1122,0.0015977025032043457
8686,3.279447555541992e-4
6554,9.328722953796387e-4
3389,0.0013353824615478516
4951,0.03794705867767334
4615,2.9093027114868164e-4
10048,5.108118057250977e-4
2532,1.9937753677368164e-4
10025,0.9159694612026215
7301,0.002641022205352783
9253,0.009231746196746826
3982,7.534027099609375e-5
6432,6.511807441711426e-4
402,0.0069373250007629395
1277,4.0608644485473633e-4
3997,0.0022953152656555176
9727,0.9978020996786654
6256,0.23722273111343384
4739,0.009561598300933838
9061,0.011485755443572998
4000,0.02630716562271118
5993,0.00070285797119140625
525,4.909038543701172e-4
4148,0.0010661482810974121
8810,0.9847472617402673
8865,0.0020772814750671387
8373,4.468560218811035e-4
2867,3.1256675720214844e-4
8889,0.033355712890625
4004,0.003477811813354492
1174,0.04057168960571289
4112,0.9905822649598122
2597,1.824498176574707e-4
1018,0.32540929317474365
1954,0.9455645531415939
8430,0.0018770098686218262
87,3.9511919021606445e-4
9748,0.007719874382019043
7588,3.2126903533935547e-4
3871,9.575486183166504e-4
7682,1.417398452758789e-4
7126,1.9246339797973633e-4
10083,0.002196371555328369
4493,0.9980788709362969
2125,3.409385681152344e-5
2644,0.018441498279571533
8595,3.6323070526123047e-4
29,0.25891631841659546
1245,0.9956116881221533
5432,3.750324249267578e-4
7831,3.5321712493896484e-4
8264,8.485317230224609e-4
1980,0.003785431385040283
4738,7.955431938171387e-4
6568,0.0017235279083251953
30,0.0023412704467773438
4765,2.6482343673706055e-4
9010,1.0144710540771484e-4
1056,0.0010196566581726074
10049,5.965232849121094e-4
8655,6.225705146789551e-4
9811,0.4570348262786865
780,0.9129226729273796
9717,0.017269611358642578
9564,4.742145538330078e-4
8928,4.387497901916504e-4
1639,1.0597705841064453e-4
5390,0.0037245750427246094
3008,0.9582023806869984
4067,0.0016609430313110352
7302,6.327033042907715e-4
5434,0.9984984431648627
8246,0.014512896537780762
7995,0.003487884998321533
7895,0.04303586483001709
9608,0.00050830841064453125
5424,0.5747273862361908
242,6.043910980224609e-4
6511,0.9984127060743049
220,0.06402915716171265
2986,6.940364837646484e-4
469,0.1945478916168213
1088,5.009174346923828e-4
8756,9.415745735168457e-4
8081,8.054375648498535e-4
1944,0.003884434700012207
6882,3.9273500442504883e-4
866,0.8846593052148819
466,0.8820529952645302
4058,0.0010352134704589844
5264,0.0010933876037597656
6305,0.9988496742444113
4185,0.00524824857711792
4008,0.002314925193786621
6514,4.6324729919433594e-4
1678,5.503296852111816e-4
3906,0.014519035816192627
3487,2.8246641159057617e-4
1964,0.1390233039855957
9470,0.3612947463989258
4028,0.0014255046844482422
2552,2.383589744567871e-4
9771,1.678466796875e-4
5949,0.0012362003326416016
1384,2.4050474166870117e-4
2012,0.9873327007517219
5550,3.151893615722656e-4
8196,4.1157007217407227e-4
2604,2.643465995788574e-4
9554,0.0011075139045715332
9018,2.561211585998535e-4
6913,0.8663761019706726
1372,5.304217338562012e-4
7434,0.0022692084312438965
8247,2.250075340270996e-4
1421,0.0020624399185180664
9639,0.012560427188873291
873,0.02601766586303711
7408,3.161430358886719e-4
7752,6.44981861114502e-4
3167,7.877349853515625e-4
6266,0.0015411376953125
2775,1.7756223678588867e-4
2484,6.062984466552734e-4
4958,2.5910139083862305e-4
8989,4.2635202407836914e-4
9770,0.0030500292778015137
5017,1.25885009765625e-4
6962,6.747245788574219e-5
10067,3.476142883300781e-4
7016,0.964153341948986
7067,6.008148193359375e-4
8178,0.01653677225112915
8813,0.1437501311302185
5838,1.913905143737793e-4
6052,6.377100944519043e-4
7011,0.23350274562835693
1741,0.003848850727081299
7880,2.3239850997924805e-4
4427,0.003185570240020752
78,0.0016160011291503906
5241,0.0011916160583496094
4904,8.710026741027832e-4
8586,9.298920631408691e-4
2985,0.00358426570892334
7820,0.9962130908388644
3751,2.601742744445801e-4
9050,0.0021837949752807617
7578,0.3623510003089905
9001,0.9871180495247245
2033,1.965165138244629e-4
5675,0.9979497413150966
2124,0.004084765911102295
4119,0.06568253040313721
7441,3.7860870361328125e-4
3195,2.1964311599731445e-4
5396,1.0120868682861328e-4
919,0.00100022554397583
204,0.007362961769104004
9664,0.01927417516708374
5079,3.031492233276367e-4
6542,0.782969206571579
444,6.25908374786377e-4
7989,0.9967929269187152
3504,8.268952369689941e-4
6998,3.973841667175293e-4
8097,0.022845566272735596
7463,1.9627809524536133e-4
7249,2.8771162033081055e-4
5473,5.915164947509766e-4
9239,7.326006889343262e-4
883,0.49676060676574707
8763,7.853507995605469e-4
6194,0.0010905265808105469
3885,2.5004148483276367e-4
8440,3.7026405334472656e-4
2021,2.1535158157348633e-4
7439,0.0030780434608459473
9399,0.0019165277481079102
5376,0.0011177659034729004
4680,8.413791656494141e-4
5801,0.9871756583452225
9836,1.9353628158569336e-4
1519,3.1948089599609375e-4
700,0.01041489839553833
3317,0.0013849735260009766
3571,3.522634506225586e-4
94,0.0037268400192260742
5139,0.027386903762817383
1008,0.0011258721351623535
9016,0.0010575652122497559
7993,1.938939094543457e-4
7916,0.0023343563079833984
2403,0.0010717511177062988
2328,0.7242977321147919
7620,0.007756292819976807
2599,0.32157307863235474
7892,2.757906913757324e-4
6892,4.668235778808594e-4
2275,0.9925368037074804
6736,3.2639503479003906e-4
7080,0.06196296215057373
1329,2.499222755432129e-4
8518,0.001573324203491211
9589,2.0366907119750977e-4
1585,7.342696189880371e-4
3223,0.01528775691986084
240,0.0129280686378479
9079,2.4777650833129883e-4
5986,6.079673767089844e-5
7348,0.0038563013076782227
5492,0.02002561092376709
685,2.9772520065307617e-4
8401,0.015918970108032227
6001,0.01711571216583252
8213,0.0037571191787719727
8744,0.0017337203025817871
1282,0.0012347698211669922
2076,1.10626220703125e-4
5283,2.308487892150879e-4
6211,0.0017272233963012695
3067,3.739595413208008e-4
6662,3.1280517578125e-4
2258,0.9940171781927347
4634,3.8689374923706055e-4
3209,9.923577308654785e-4
8824,4.5603513717651367e-4
8407,1.4984607696533203e-4
1089,0.00013494491577148438
9056,3.8927793502807617e-4
7448,0.9933501114137471
9837,0.0014403462409973145
8090,0.0013172030448913574
9890,0.9992867636028677
7394,2.886652946472168e-4
7133,0.9977006129920483
7197,1.1837482452392578e-4
7028,0.0097599029541015625
4032,0.006277024745941162
4923,0.08983439207077026
7674,3.408193588256836e-4
586,1.8447637557983398e-4
4230,0.09547990560531616
9217,8.117556571960449e-4
450,0.005523502826690674
197,0.15998238325119019
1158,0.8640110939741135
9949,3.9464235305786133e-4
1892,0.019881725311279297
5944,0.9799024220556021
6210,0.004046201705932617
7364,0.04988133907318115
8742,0.979625416919589
2636,2.135634422302246e-4
2309,0.007806956768035889
705,0.008488833904266357
3230,0.005650460720062256
6891,0.017680227756500244
1788,0.998887185472995
1196,0.005253791809082031
7,4.100203514099121e-4
6577,0.0012187361717224121
1702,0.06718993186950684
4994,0.0571826696395874
2548,0.008011400699615479
5399,1.9973516464233398e-4
3,4.709959030151367e-4
3815,0.017457246780395508
9724,0.0011051297187805176
5358,2.7376413345336914e-4
1947,0.19027215242385864
9481,0.0045868754386901855
4681,5.179047584533691e-4
9670,3.5309791564941406e-4
5645,0.9969623077195138
6598,0.009806334972381592
3174,0.0025368928909301758
1239,2.1773576736450195e-4
649,0.0065236687660217285
8212,0.0012704730033874512
975,0.0027900338172912598
6644,1.958012580871582e-4
2355,0.04141819477081299
4474,0.3665732145309448
2473,0.03323996067047119
2045,0.0019774436950683594
7299,0.6984696686267853
9441,0.017631232738494873
590,0.12253403663635254
315,0.9530590996146202
4670,1.7458200454711914e-4
295,2.471804618835449e-4
2786,0.992706963326782
7929,0.015188336372375488
5014,0.7767483443021774
4490,0.16962850093841553
1808,5.65946102142334e-4
5603,5.010366439819336e-4
7465,0.0037383437156677246
3958,4.8744678497314453e-4
1341,4.582405090332031e-4
895,0.3069232702255249
5958,0.0023593902587890625
1086,5.596280097961426e-4
4613,0.011143028736114502
6903,0.9955351715907454
2201,1.5103816986083984e-4
1001,0.005918562412261963
4859,0.1208028793334961
539,0.0015905499458312988
1228,2.5075674057006836e-4
3557,0.0011683106422424316
9523,0.9596313647925854
4418,0.991325437091291
9320,0.9950362546369433
4675,5.221962928771973e-4
5497,0.9550766125321388
6201,5.546212196350098e-4
1396,0.0011385679244995117
1221,0.9592562839388847
4368,0.0023009181022644043
250,0.0013358592987060547
6023,0.0018230676651000977
1765,0.002256035804748535
9496,2.73287296295166e-4
6360,3.679990768432617e-4
1634,0.00133514404296875
6324,5.41985034942627e-4
4535,6.535649299621582e-4
5748,0.10082584619522095
105,6.616711616516113e-4
8971,3.8492679595947266e-4
650,0.004250764846801758
9486,3.072023391723633e-4
2035,3.159046173095703e-4
7100,0.9977645189501345
1781,0.002859354019165039
5892,0.003370821475982666
7597,0.9811907149851322
2487,0.0015381574630737305
8031,0.0015210509300231934
4174,0.9851596876978874
6704,3.006458282470703e-4
6495,0.0031270384788513184
8489,0.005390644073486328
1471,0.976122759282589
3991,0.9806872364133596
5639,9.292364120483398e-4
6370,0.11386704444885254
6312,0.0043735504150390625
2996,0.9823849201202393
5826,0.0015467405319213867
788,0.0035930275917053223
5337,0.0013651251792907715
6950,0.017086803913116455
2259,3.044605255126953e-4
7457,4.900693893432617e-4
4877,7.584095001220703e-4
3234,0.004091382026672363
7039,0.0067059993743896484
9164,0.0017454028129577637
5980,0.00592571496963501
9980,0.9969512461684644
104,0.0015887022018432617
2972,2.7805566787719727e-4
5699,2.753138542175293e-4
2217,0.009787499904632568
2978,1.3136863708496094e-4
1330,4.3636560440063477e-4
9961,0.02455514669418335
3173,4.3064355850219727e-4
8073,5.074739456176758e-4
4734,2.3537874221801758e-4
8327,0.016502201557159424
8171,0.26446056365966797
3460,0.041361987590789795
10127,0.0917043685913086
9775,0.002596557140350342
7564,1.010894775390625e-4
2486,0.012499213218688965
3631,0.9662960208952427
1957,0.09028929471969604
9824,0.016725361347198486
7010,0.005354762077331543
7854,2.2035837173461914e-4
1562,0.004775524139404297
10009,0.033093273639678955
5552,1.7315149307250977e-4
4095,0.022640526294708252
8957,0.018669188022613525
6908,0.005870342254638672
7544,0.9969928262289613
941,0.5477177500724792
3290,0.001853346824645996
4876,0.04438406229019165
5906,5.522370338439941e-4
8290,0.002224266529083252
2485,5.237460136413574e-4
7342,8.637309074401855e-4
9649,9.24229621887207e-4
8078,0.7580218017101288
6576,5.135536193847656e-4
9309,0.974817518144846
4006,0.0036513805389404297
7977,0.9973112053703517
3609,0.0025221705436706543
3533,5.762577056884766e-4
7946,2.6112794876098633e-4
4928,0.0022929906845092773
4942,0.0036707520484924316
1172,0.009390711784362793
7312,7.421374320983887e-4
1977,1.1742115020751953e-4
3193,0.0076805949211120605
2870,0.005675375461578369
1301,0.9642805345356464
9208,1.8864870071411133e-4
6438,0.1885981559753418
5074,0.004571795463562012
9635,0.008574843406677246
92,0.0011705756187438965
3756,0.03057760000228882
7603,3.6656856536865234e-4
8652,1.8328428268432617e-4
9246,0.013603568077087402
3895,0.0015137195587158203
4944,0.9923860067501664
3191,0.04975426197052002
2088,0.043405354022979736
7066,0.01683264970779419
317,4.13358211517334e-4
4717,0.021033763885498047
2103,0.7647920250892639
7635,0.0029140114784240723
2392,0.9775232840329409
1583,0.0031074881553649902
4443,0.04211467504501343
9290,4.456639289855957e-4
934,0.9495850838720798
378,0.16733473539352417
5456,2.472996711730957e-4
453,0.13075178861618042
6749,0.894548274576664
1662,5.293488502502441e-4
9280,8.862614631652832e-4
7884,0.0038951635360717773
5394,2.9593706130981445e-4
7649,3.929734230041504e-4
7878,3.9452314376831055e-4
1875,3.612041473388672e-4
5077,9.181499481201172e-4
2013,0.9617952592670918
9758,0.011143863201141357
3966,0.0025752782821655273
5697,0.010813772678375244
8913,0.9991383702727035
9618,0.0011410713195800781
1976,1.6891956329345703e-4
4829,0.30948907136917114
5622,0.3982959985733032
9401,3.376007080078125e-4
9065,3.368854522705078e-4
581,2.7817487716674805e-4
5610,0.9980258077848703
2520,0.0019756555557250977
7502,6.300806999206543e-4
3900,5.448460578918457e-4
3143,0.0014957189559936523
8130,5.829334259033203e-5
7478,4.913806915283203e-4
6368,0.9749341681599617
2601,0.9923400469124317
4007,0.0014251470565795898
5652,0.011475622653961182
1020,1.5485286712646484e-4
1455,0.010983765125274658
2324,0.9691206067800522
9920,0.006148815155029297
9028,0.0012784600257873535
7429,4.8720836639404297e-4
6016,4.207491874694824e-4
7807,2.7614831924438477e-4
850,8.231997489929199e-4
4140,0.0014752745628356934
9321,5.743503570556641e-4
5183,0.00585174560546875
4115,3.910660743713379e-4
9508,0.012302815914154053
89,9.498000144958496e-4
8687,0.9482420980930328
4619,7.37905502319336e-5
2195,0.28709739446640015
6917,0.0019015669822692871
4721,5.691647529602051e-4
2465,7.055997848510742e-4
8208,0.02878725528717041
575,9.554028511047363e-4
4502,0.9152845814824104
1276,5.748271942138672e-4
2026,0.9257292822003365
5665,3.5119056701660156e-4
5072,0.026803791522979736
6922,0.017429053783416748
4255,0.0031812191009521484
5643,0.9659857004880905
9048,0.6584485173225403
6842,1.6891956329345703e-4
1560,0.0016199350357055664
4655,0.003787398338317871
10096,5.202889442443848e-4
5985,9.199380874633789e-4
3933,6.878376007080078e-5
2114,0.9708490464836359
6157,2.0617246627807617e-4
8724,2.9605627059936523e-4
3273,0.001284480094909668
6132,0.04130476713180542
8152,0.0046844482421875
7528,6.74128532409668e-4
5909,0.9978237149771303
2795,0.10449540615081787
7910,5.580782890319824e-4
371,1.64031982421875e-4
3365,5.174875259399414e-4
8096,0.002007007598876953
5910,2.3025274276733398e-4
9074,0.0049457550048828125
9744,5.372166633605957e-4
9468,4.8160552978515625e-4
9661,0.9962498294189572
8314,4.4661760330200195e-4
4076,0.006113231182098389
8195,0.9686832502484322
2454,0.011205971240997314
178,0.9665860272943974
3676,0.03501063585281372
7852,0.004976391792297363
7514,0.034324705600738525
34,0.01144486665725708
7415,3.2126903533935547e-4
6634,0.9973792422097176
1747,0.008507788181304932
1854,0.1328190565109253
3168,0.9796288590878248
5953,2.327561378479004e-4
7647,8.351802825927734e-4
6606,0.9968078644014895
10029,0.48060524463653564
2057,0.05071753263473511
2698,4.2182207107543945e-4
1417,0.9862778671085835
6727,3.845691680908203e-4
2365,0.05983114242553711
3568,0.0016518831253051758
4603,0.0015094280242919922
4814,8.96453857421875e-5
6088,4.945993423461914e-4
7090,0.9996291542774998
1555,0.9444814473390579
2098,0.005171477794647217
4606,0.028605103492736816
6607,0.035662710666656494
7683,0.011560559272766113
2084,1.2767314910888672e-4
7627,0.032782793045043945
1666,0.005051851272583008
2276,0.989241573959589
2164,0.00077915191650390625
536,0.004927933216094971
3349,7.248520851135254e-4
282,0.0029563307762145996
5525,0.00800389051437378
2282,0.0012314915657043457
3775,0.015370190143585205
8607,0.9485010765492916
3754,3.5011768341064453e-4
2756,0.0010505318641662598
5656,0.8129510581493378
1234,0.0027510523796081543
8138,0.19682061672210693
1325,0.028276264667510986
9650,5.297064781188965e-4
8725,0.9515155926346779
6329,0.7285150587558746
4836,0.01938539743423462
5984,0.1255069375038147
6302,0.9835330527275801
6985,0.3164404034614563
9600,4.151463508605957e-4
5684,0.18793600797653198
2468,7.605552673339844e-5
6500,0.0028656721115112305
7356,0.0042999982833862305
5889,2.1058320999145508e-4
3439,0.003124713897705078
1406,0.007790088653564453
5736,0.0010949373245239258
2536,8.108019828796387e-4
8895,0.002230048179626465
8821,2.480149269104004e-4
4091,2.0557641983032227e-4
4019,0.9762483816593885
9740,0.9951157998293638
7617,1.0776519775390625e-4
5682,0.02372950315475464
4337,0.0657569169998169
7244,2.0676851272583008e-4
6098,0.11111128330230713
6628,0.5796732008457184
7373,7.508397102355957e-4
2169,4.0477514266967773e-4
9102,0.9864695370197296
8530,0.7478280663490295
6858,0.12201029062271118
6694,2.6875734329223633e-4
2939,4.0847063064575195e-4
4893,6.236433982849121e-4
5747,0.00013017654418945313
3107,8.118152618408203e-5
8304,0.003541886806488037
10042,0.9534304589033127
9547,0.0034217238426208496
4321,0.8778580129146576
6881,0.047187626361846924
3662,0.0932471752166748
7901,0.16146975755691528
2802,0.0010090470314025879
3938,0.030872225761413574
4291,7.35938549041748e-4
6048,0.9899994395673275
7643,0.9943884527310729
3052,0.2987045645713806
1685,5.236268043518066e-4
4281,5.722641944885254e-4
2522,2.6601552963256836e-4
8190,0.01721048355102539
208,0.03895688056945801
9943,4.8601627349853516e-4
9548,0.004369139671325684
2401,0.0035025477409362793
7340,0.05282032489776611
5190,0.9975545690394938
2506,0.9901441987603903
1193,0.0019261837005615234
6569,1.2290477752685547e-4
5766,0.011268138885498047
1727,9.608268737792969e-5
4030,1.56402587890625e-4
1346,0.006307363510131836
9221,0.004092216491699219
789,9.0122222900390625e-005
1766,0.0022901296615600586
6753,0.9070786759257317
4425,0.9839096460491419
7472,0.005938351154327393
6884,2.1570920944213867e-4
1423,0.006776690483093262
1967,6.428360939025879e-4
4784,3.2007694244384766e-4
5416,0.9758013542741537
3941,4.298090934753418e-4
633,0.0054198503494262695
7057,2.1129846572875977e-4
3740,0.8602896928787231
8630,1.633167266845703e-4
4360,0.016071557998657227
6911,1.634359359741211e-4
4245,7.165074348449707e-4
7309,0.001900017261505127
2562,0.9914811486378312
6610,0.9845994198694825
2833,0.9914730740711093
10044,5.3048133850097656e-5
1135,0.9736823737621307
1494,4.494786262512207e-4
1536,4.054903984069824e-4
1483,0.01222836971282959
4254,5.878210067749023e-4
6539,0.0021016597747802734
4953,0.656037300825119
10061,6.427168846130371e-4
2450,0.16512799263000488
2227,0.0012163519859313965
7954,3.578662872314453e-4
9042,0.9968167007900774
3611,3.4296512603759766e-4
6106,0.0013131499290466309
8232,0.002315044403076172
8974,0.0015699267387390137
551,2.0128488540649414e-4
7766,2.8973817825317383e-4
7561,0.9955464606173337
464,9.652376174926758e-4
9070,3.0601024627685547e-4
5366,6.985664367675781e-5
6936,1.52587890625e-4
9942,0.0031044483184814453
5872,0.001242518424987793
6259,0.007868587970733643
8032,7.731914520263672e-4
9207,0.9074526727199554
4846,0.9958570273593068
1284,5.196928977966309e-4
4817,8.27789306640625e-4
1703,0.7443712651729584
1556,5.888938903808594e-4
3053,4.4912099838256836e-4
5731,1.7756223678588867e-4
9539,0.9197735339403152
4248,0.2054409384727478
5912,0.002789914608001709
2456,0.0018364787101745605
8553,2.855658531188965e-4
1269,4.985332489013672e-4
673,0.7704309076070786
4774,5.493760108947754e-4
4249,7.318854331970215e-4
8117,2.5349855422973633e-4
4964,0.02221536636352539
8873,0.0015642046928405762
9846,2.7877092361450195e-4
5162,1.506805419921875e-4
4500,0.010865986347198486
7435,0.010907292366027832
1871,0.993637137580663
9917,0.0011451244354248047
9684,0.0023332834243774414
8193,8.088946342468262e-4
1807,3.0052661895751953e-4
824,3.503561019897461e-4
712,8.409023284912109e-4
5863,0.9825873840600252
9658,0.0018141865730285645
521,0.18429332971572876
6359,0.02110344171524048
264,1.8852949142456055e-4
2499,3.006458282470703e-4
1349,0.003911733627319336
4090,0.9390753358602524
5247,0.007448077201843262
2332,2.194046974182129e-4
61,0.0013093352317810059
3199,0.004349052906036377
8142,0.6608242690563202
4761,3.3473968505859375e-4
3068,5.540251731872559e-4
2714,0.0020428895950317383
7644,0.0011073946952819824
4936,0.9963753640186042
3779,0.0038794875144958496
8467,0.9520543143153191
7210,7.855892181396484e-5
1918,0.002278268337249756
1628,3.966689109802246e-4
9334,0.004931092262268066
6373,0.008445441722869873
2796,0.0067234039306640625
3116,0.0021694302558898926
5795,0.9995454447634984
4612,0.001590430736541748
2941,8.533000946044922e-4
6924,0.0012686848640441895
3545,9.499192237854004e-4
1823,0.008190333843231201
6941,0.0025488734245300293
8310,0.7946799695491791
7283,2.3502111434936523e-4
7712,2.1761655807495117e-4
1155,5.965232849121094e-4
7907,4.3469667434692383e-4
6411,4.207491874694824e-4
2625,2.7126073837280273e-4
2814,0.002119898796081543
8091,2.3561716079711914e-4
3282,0.03453439474105835
6778,4.214644432067871e-4
8998,2.2274255752563477e-4
3570,0.008767902851104736
2024,2.478957176208496e-4
4712,0.004794716835021973
3584,0.03417736291885376
9136,0.024194538593292236
2687,0.02793949842453003
2881,1.7780065536499023e-4
9863,0.13332068920135498
2031,4.114508628845215e-4
8241,0.9463769607245922
4847,0.0018627643585205078
9505,0.052256643772125244
3793,0.0019829273223876953
6909,0.9569236189126968
704,9.66191291809082e-4
939,0.026795506477355957
6398,0.056424081325531006
5793,3.197193145751953e-4
4083,0.08949512243270874
2234,1.3327598571777344e-4
1461,0.006473660469055176
4167,0.999559203220997
6990,0.9973345277830958
5651,0.0033789873123168945
7733,0.0036545395851135254
6337,0.5366794168949127
8929,0.010091662406921387
2984,0.9964860065374523
326,0.029050111770629883
4481,2.3359060287475586e-4
417,6.842613220214844e-4
6790,4.863739013671875e-4
7664,4.999637603759766e-4
2845,0.0015454292297363281
4541,0.00051212310791015625
3661,2.9093027114868164e-4
8701,0.0011481046676635742
6190,8.20159912109375e-5
3880,1.4495849609375e-4
4323,3.9893388748168945e-4
10087,5.829334259033203e-5
3374,0.01317816972732544
621,0.3957464098930359
6130,0.026705503463745117
7744,0.32620561122894287
957,0.04362773895263672
8563,7.021427154541016e-5
3328,0.0013004541397094727
6382,3.408193588256836e-4
7428,0.43476051092147827
3994,7.387995719909668e-4
7815,4.4459104537963867e-4
6291,1.7839670181274414e-4
3899,2.3120641708374023e-4
8972,0.011041522026062012
4911,0.9936344027519226
7471,2.9855966567993164e-4
6904,2.1785497665405273e-4
1012,2.1404027938842773e-4
4259,0.056330323219299316
63,0.0012497901916503906
10086,0.001035928726196289
9614,0.002810537815093994
9218,0.003999173641204834
5908,0.05088961124420166
5312,4.48763370513916e-4
4449,0.053166985511779785
3912,9.444355964660645e-4
3921,6.085634231567383e-4
493,2.936720848083496e-4
2229,1.9294023513793945e-4
755,4.91023063659668e-4
1120,0.0046350955963134766
7764,0.097209632396698
4627,6.847381591796875e-4
7113,0.37466955184936523
3249,0.032469987869262695
6445,2.021193504333496e-4
7679,6.129741668701172e-4
7335,0.0015329718589782715
2849,0.003377199172973633
4974,2.365708351135254e-4
7899,6.603598594665527e-4
8875,7.242560386657715e-4
1105,5.095005035400391e-4
8041,0.0019165277481079102
7034,0.8998336493968964
4587,0.0016245841979980469
4235,0.002228975296020508
5882,6.669163703918457e-4
2288,0.0066727399826049805
2400,1.3053417205810547e-4
9171,0.01747441291809082
9262,0.001704871654510498
9934,0.2402646541595459
8997,3.489255905151367e-4
7250,0.009676218032836914
8747,4.5812129974365234e-4
6762,7.674694061279297e-4
5073,2.943873405456543e-4
723,0.01165860891342163
6870,0.003229081630706787
4434,4.348158836364746e-4
80,0.009937584400177002
2480,0.9284170269966125
9412,0.014202773571014404
1464,0.9923825613223016
1927,0.9976029670797288
9478,5.782842636108398e-4
8844,0.0048198699951171875
7374,0.5123005509376526
1730,5.58316707611084e-4
4965,0.00328671932220459
4949,0.9360640943050385
8018,0.9832464698702097
1733,0.028378844261169434
6932,0.1304667592048645
6459,3.039836883544922e-4
3916,2.135634422302246e-4
3340,0.0010512471199035645
6689,0.996529147727415
7314,0.0014080405235290527
3947,0.09978657960891724
6816,2.948641777038574e-4
5410,5.248188972473145e-4
1891,6.650090217590332e-4
486,7.353425025939941e-4
5968,0.9657029248774052
5829,1.494884490966797e-4
800,0.9987134251277894
1882,0.9596358723938465
5690,0.0019577741622924805
853,9.410977363586426e-4
5537,0.004387021064758301
1877,0.0012224316596984863
9947,0.9731410164386034
3593,0.0020812153816223145
9647,0.005290865898132324
6026,1.8459558486938477e-4
2827,0.001813352108001709
3796,9.990334510803223e-4
6251,4.4649839401245117e-4
6363,8.10086727142334e-4
1559,6.983280181884766e-4
6844,0.9985125131206587
9898,0.9913323316723108
4769,0.0010881423950195313
1744,0.0016422867774963379
3210,0.9110546857118607
1917,0.023554086685180664
7362,4.150271415710449e-4
2554,7.491707801818848e-4
4383,0.0100785493850708
3527,0.003026127815246582
8174,0.005438029766082764
8064,8.869171142578125e-5
5334,1.7446279525756836e-4
3200,0.9990019432734698
9454,0.0017393231391906738
5005,0.005849063396453857
4544,0.004946410655975342
8367,0.32247471809387207
2910,0.020191848278045654
4849,6.059408187866211e-4
328,1.3196468353271484e-4
635,0.001536250114440918
3425,4.978179931640625e-4
3960,1.7458200454711914e-4
9023,0.6404989361763
4456,1.4102458953857422e-4
4845,5.252957344055176e-4
5566,4.17172908782959e-4
7359,5.162954330444336e-4
313,1.8423795700073242e-4
552,0.015203714370727539
10015,0.0022039413452148438
1217,0.17843866348266602
6110,6.864070892333984e-4
3152,6.089210510253906e-4
8706,0.0015728473663330078
9418,0.001084446907043457
1725,4.3445825576782227e-4
6743,6.546378135681152e-4
5225,0.0048476457595825195
2154,0.016673624515533447
4439,0.9996515957463998
347,0.003094613552093506
4264,0.04320108890533447
6155,0.9963988601230085
7392,0.005617916584014893
6460,6.977319717407227e-4
3023,0.004613935947418213
6353,0.5689986944198608
384,0.9950979589484632
4628,0.003155827522277832
1681,1.1754035949707031e-4
7053,3.0040740966796875e-4
6208,5.894899368286133e-4
5020,0.005678296089172363
1281,0.0036792755126953125
8779,5.13911247253418e-4
9970,0.9991399652208202
7538,0.03726077079772949
5752,0.05478215217590332
5404,6.943941116333008e-4
1857,0.002009272575378418
3672,0.08120447397232056
5857,0.00010633468627929688
8123,3.2269954681396484e-4
1851,0.8607829809188843
5865,8.178353309631348e-4
465,0.992757173255086
3843,3.342628479003906e-4
4478,6.833076477050781e-4
9868,3.0291080474853516e-4
4772,0.014209508895874023
2463,0.02962440252304077
1112,3.745555877685547e-4
330,0.0025572776794433594
5786,3.948807716369629e-4
231,0.047576308250427246
2251,0.10303038358688354
1137,0.00198519229888916
1589,3.719329833984375e-4
3452,2.7114152908325195e-4
3865,0.023478567600250244
5030,0.049387574195861816
7427,7.304549217224121e-4
3021,4.899501800537109e-4
2358,0.07230538129806519
5787,1.8781423568725586e-4
1966,0.0014485716819763184
3785,2.822279930114746e-4
4747,0.004525363445281982
8757,0.048171401023864746
1994,0.004237174987792969
4924,0.004022538661956787
7281,3.1054019927978516e-4
3627,4.885196685791016e-4
624,3.5440921783447266e-4
154,0.9557638093829155
506,5.118846893310547e-4
2410,7.911324501037598e-4
8131,0.002852022647857666
1335,2.384781837463379e-4
3298,3.453493118286133e-4
9599,0.009988248348236084
6912,5.751848220825195e-4
4706,0.019117772579193115
4737,4.20987606048584e-4
1057,2.766251564025879e-4
5433,8.74936580657959e-4
4180,0.0034302473068237305
902,0.024385809898376465
4313,8.794665336608887e-4
8739,0.013171374797821045
2056,0.49943113327026367
3185,2.2917985916137695e-4
5709,0.004762411117553711
1131,7.176995277404785e-4
5934,9.1552734375e-5
5461,0.9508935324847698
1430,8.02457332611084e-4
1058,0.007485687732696533
4896,0.0012058019638061523
2300,6.600022315979004e-4
8476,3.813505172729492e-4
3183,1.9496679306030273e-4
639,3.8689374923706055e-4
2469,0.19547396898269653
10090,7.561445236206055e-4
9698,0.02200216054916382
3955,6.365776062011719e-5
569,0.03497910499572754
2131,7.785558700561523e-4
5460,0.04619467258453369
8632,6.348490715026855e-4
7717,0.004503011703491211
5890,0.7480002343654633
1965,0.0017022490501403809
9295,0.0017444491386413574
2399,0.005317509174346924
6102,1.9115209579467773e-4
4725,0.24641543626785278
4106,4.189610481262207e-4
5567,8.72194766998291e-4
8666,1.6820430755615234e-4
1987,9.692907333374023e-4
2264,0.9935222775675356
5187,0.016297340393066406
3647,0.005054652690887451
3863,0.0035399794578552246
6209,0.9958286662586033
5528,2.753138542175293e-4
4692,5.805492401123047e-5
7904,0.004110991954803467
8387,0.01576817035675049
6700,4.909038543701172e-4
1144,1.277923583984375e-4
256,8.060336112976074e-4
9063,0.0029439926147460938
4186,3.733634948730469e-4
6525,6.023645401000977e-4
3919,0.9766753204166889
9485,3.107786178588867e-4
7420,0.00017213821411132813
6476,0.003017723560333252
9675,1.875758171081543e-4
1376,0.11490613222122192
8485,0.9446616843342781
8098,0.9048818722367287
5976,3.643035888671875e-4
6424,0.0017673969268798828
8377,0.001815497875213623
4336,0.9972117342986166
4049,0.08544772863388062
1467,0.0038637518882751465
8429,0.00513690710067749
8350,8.97526741027832e-4
3708,0.0029906034469604492
6354,2.3299455642700195e-4
2205,3.99172306060791e-4
4329,5.766153335571289e-4
4991,1.9508600234985352e-4
8689,0.008269250392913818
2526,0.002676248550415039
8143,2.8890371322631836e-4
2871,7.708072662353516e-4
8036,0.9130367636680603
2489,0.8914970383048058
618,1.4138221740722656e-4
6461,0.008249104022979736
3795,0.09242939949035645
6043,0.24726444482803345
5726,7.8582763671875e-4
2232,1.938939094543457e-4
3653,1.5044212341308594e-4
7151,0.009471893310546875
4326,2.1320581436157227e-4
1152,9.101629257202148e-4
8236,1.7648935317993164e-4
3471,1.8340349197387695e-4
5919,3.459453582763672e-4
9052,7.016658782958984e-4
7380,0.004061579704284668
8673,4.264712333679199e-4
7000,0.06111949682235718
3630,0.001831650733947754
5181,2.835392951965332e-4
9242,4.818439483642578e-4
9919,2.567172050476074e-4
4711,0.8779283538460732
3518,2.186894416809082e-4
8740,3.311634063720703e-4
7555,0.0012534856796264648
5061,0.0014289617538452148
7746,0.00078296661376953125
7127,0.011608421802520752
6643,0.8435493111610413
9637,3.675222396850586e-4
1153,0.001688838005065918
9952,3.3855438232421875e-4
40,8.77082347869873e-4
1040,2.3180246353149414e-4
2999,9.877681732177734e-4
2291,4.51505184173584e-4
6902,0.0011195540428161621
6199,0.0011633038520812988
980,6.110668182373047e-4
6656,0.007646441459655762
253,0.0032341480255126953
2274,0.0036565661430358887
2545,6.6280364990234375e-005
4851,0.961480438709259
4762,0.9950021943077445
1454,5.82575798034668e-4
7152,1.0669231414794922e-4
3542,0.03603172302246094
2949,0.0018852949142456055
9159,0.0011216998100280762
4388,5.573630332946777e-4
7600,5.156993865966797e-4
5326,4.48763370513916e-4
8908,0.26970791816711426
6740,0.6646958589553833
4809,3.864169120788574e-4
6092,0.9977475046180189
8549,4.0537118911743164e-4
6031,0.02102893590927124
3698,1.9496679306030273e-4
5411,0.008942484855651855
2066,9.313225746154785e-4
8910,1.480579376220703e-4
5260,2.1535158157348633e-4
9515,0.0010356903076171875
1916,0.00050449371337890625
9452,6.757974624633789e-4
4492,3.135204315185547e-4
4872,0.0014941692352294922
3539,0.024812817573547363
314,3.432035446166992e-4
5431,0.002599477767944336
6200,0.00013875961303710938
9742,3.8892030715942383e-4
9598,0.05128288269042969
1762,0.022838830947875977
8444,2.1964311599731445e-4
3154,1.093149185180664e-4
7657,5.703568458557129e-4
8754,0.8419524133205414
2904,0.005608260631561279
5719,0.09214848279953003
9305,4.526972770690918e-4
8303,0.9988323909929022
3370,0.0023962855339050293
1011,0.027058720588684082
3378,3.345012664794922e-4
3122,3.39508056640625e-4
2926,0.935753658413887
43,0.06700223684310913
9092,0.9967049148399383
7830,0.005935013294219971
4686,5.080699920654297e-4
7975,0.04902559518814087
1576,0.0011226534843444824
7963,2.0891427993774414e-4
4625,0.5947025716304779
10118,0.004330754280090332
4160,2.1833181381225586e-4
281,0.9448593743145466
273,0.9840405937284231
8477,0.9978581911418587
779,0.0021196603775024414
548,8.304119110107422e-4
9199,8.743405342102051e-4
4169,1.736283302307129e-4
2718,0.05199640989303589
1979,0.001611471176147461
8668,0.9619952514767647
2676,0.13913530111312866
2374,0.001872718334197998
2694,0.9961147874128073
7214,0.9960352503694594
1395,0.024031221866607666
6238,0.001172482967376709
7888,8.788704872131348e-4
3908,3.2806396484375e-4
7903,0.001054227352142334
5677,1.830458641052246e-4
5308,1.9246339797973633e-4
9626,0.010098874568939209
676,0.05608725547790527
4519,0.007468283176422119
10056,0.8958937451243401
5121,0.6238844096660614
5806,0.0016773343086242676
5621,7.631778717041016e-4
7941,0.0011457204818725586
2615,0.004964470863342285
3883,1.4841556549072266e-4
3981,6.140470504760742e-4
988,0.9103947356343269
544,3.643035888671875e-4
2898,0.0017887353897094727
6543,3.635883331298828e-4
5068,7.398724555969238e-4
4219,3.750324249267578e-4
7519,0.0031250715255737305
6193,0.8653497099876404
7406,3.8170814514160156e-4
9314,0.003047466278076172
7248,7.336735725402832e-4
6529,1.590251922607422e-4
6760,0.8205971419811249
6114,2.625584602355957e-4
3574,3.364086151123047e-4
1830,0.0032952427864074707
5822,0.9941606484353542
2333,0.9954947070218623
9665,2.849698066711426e-4
3432,1.900792121887207e-4
8543,9.936690330505371e-4
8944,0.0019360184669494629
1422,0.0012145638465881348
3070,4.899501800537109e-4
5926,0.10515618324279785
8993,8.227229118347168e-4
6281,2.942681312561035e-4
4241,8.509159088134766e-4
6083,0.0017316341400146484
3403,3.9571523666381836e-4
3659,2.3943185806274414e-4
5408,6.675124168395996e-4
403,2.7042627334594727e-4
931,0.1344621777534485
9167,0.006561100482940674
9261,2.543330192565918e-4
8856,5.91278076171875e-5
4750,0.8454491347074509
10111,4.132390022277832e-4
7386,0.9993774509057403
5242,2.461075782775879e-4
8431,0.9370166286826134
7821,3.7467479705810547e-4
6378,3.860592842102051e-4
1616,7.549524307250977e-4
1956,7.709264755249023e-4
8657,2.4145841598510742e-4
8986,0.004160761833190918
3160,5.855560302734375e-4
9250,2.56955623626709e-4
4644,3.0231475830078125e-4
2663,6.920099258422852e-4
2647,0.0026247501373291016
1758,0.016453027725219727
8906,2.5457143783569336e-4
9196,7.960200309753418e-4
6012,0.967627327889204
9410,2.612471580505371e-4
2701,3.9905309677124023e-4
1680,0.006701767444610596
3565,1.7517805099487305e-4
9203,0.990067315287888
7293,0.21964913606643677
5563,0.014834225177764893
389,0.01686316728591919
5027,8.781552314758301e-4
10003,8.952617645263672e-5
10006,1.0979175567626953e-4
8199,2.326369285583496e-4
2723,3.132820129394531e-4
468,4.3588876724243164e-4
5539,0.8575312942266464
4786,0.0012279152870178223
7506,0.003478407859802246
2168,0.0030333399772644043
5702,0.0010328292846679688
2010,0.00878816843032837
461,0.005053222179412842
6730,7.877349853515625e-4
1842,1.7768144607543945e-4
3281,3.3545494079589844e-4
746,0.11540549993515015
7144,0.9834718704223633
7688,0.0010824203491210938
4319,7.82012939453125e-4
2156,3.7872791290283203e-4
5235,9.897947311401367e-4
6548,6.775856018066406e-4
5116,5.220770835876465e-4
1287,0.06460714340209961
490,4.6181678771972656e-4
3101,0.00855875015258789
965,0.008112847805023193
4599,0.0055786967277526855
8584,1.9425153732299805e-4
3466,0.0013682246208190918
8722,0.002846240997314453
8490,0.0032356977462768555
9869,7.908940315246582e-4
8557,0.0011090636253356934
3650,0.005929052829742432
2571,0.4929347038269043
6702,0.5188925862312317
2968,0.3364792466163635
8884,0.00278472900390625
7835,5.424618721008301e-4
1603,0.0021923184394836426
2741,9.238719940185547e-5
4412,2.3299455642700195e-4
6296,0.0020128488540649414
4150,5.270838737487793e-4
379,0.7027727961540222
2732,0.004462003707885742
8958,8.460283279418945e-4
3411,0.0010820627212524414
8547,0.006026089191436768
1262,0.37719154357910156
33,2.2357702255249023e-4
8566,0.0016791224479675293
3465,0.00013208389282226563
2575,2.3990869522094727e-4
5680,0.00103759765625
4021,0.9410363063216209
2448,0.9899508664384484
4122,0.0026587843894958496
6133,0.001272737979888916
4485,0.03413575887680054
5104,5.829334259033203e-5
9818,0.4229293465614319
458,0.011652767658233643
9755,0.8979102671146393
1041,0.10700440406799316
4815,9.548068046569824e-4
8188,1.8173456192016602e-4
6691,4.792213439941406e-4
2600,0.9984294874593616
8054,2.5922060012817383e-4
6506,0.0541149377822876
9578,0.8416119366884232
5560,0.0691765546798706
8545,1.5997886657714844e-4
3888,0.023111701011657715
8849,0.9896257743239403
1561,8.241534233093262e-4
6967,1.8268823623657227e-4
9413,0.15660881996154785
1645,0.9974902810063213
2699,5.527138710021973e-4
3519,2.8246641159057617e-4
6669,2.9796361923217773e-4
1988,0.05523383617401123
1377,0.00097560882568359375
3004,0.013934135437011719
6276,0.0019470453262329102
4037,0.006209671497344971
3717,0.00010728836059570313
2017,0.005839049816131592
1038,0.09565526247024536
3943,0.010926544666290283
1505,0.022975444793701172
2990,0.983739810064435
1485,0.012854814529418945
8203,0.009825825691223145
2277,0.0018457770347595215
5132,0.9737313464283943
8189,0.94700151309371
4217,0.0028024911880493164
2128,0.02250760793685913
3723,0.014674246311187744
1180,4.419684410095215e-4
1731,8.054375648498535e-4
715,3.148317337036133e-4
9541,0.9985541397472844
2524,3.6323070526123047e-4
7729,0.8132293373346329
8111,3.147125244140625e-4
3951,0.11790972948074341
3225,3.860592842102051e-4
4277,4.7218799591064453e-4
1402,3.8743019104003906e-5
7242,0.0021245479583740234
396,0.007132172584533691
6441,0.7146824896335602
8257,0.878720261156559
763,1.5676021575927734e-4
5546,0.061842143535614014
5613,1.983046531677246e-4
2969,0.7868630141019821
899,0.05232226848602295
804,0.0027140378952026367
3111,0.3190656304359436
393,4.762411117553711e-4
3766,0.0012532472610473633
714,6.787776947021484e-4
7200,0.0011396408081054688
1300,7.392764091491699e-4
7786,0.2788296937942505
8253,0.004887998104095459
7221,0.03602951765060425
6581,6.524920463562012e-4
3956,0.0013788938522338867
8045,1.443624496459961e-4
8589,0.6946454346179962
2327,0.006997048854827881
9323,4.051327705383301e-4
7843,9.703636169433594e-4
7582,0.9380400776863098
2214,0.0011225342750549316
8084,0.010786950588226318
7518,2.040266990661621e-4
6271,5.297064781188965e-4
6807,0.001322329044342041
9840,5.768537521362305e-4
6384,4.119277000427246e-4
9379,1.8018484115600586e-4
1791,0.005220651626586914
3147,9.08970832824707e-4
973,0.01577174663543701
9610,0.0014032721519470215
8079,0.00933903455734253
1254,0.0016525983810424805
7887,8.223652839660645e-4
9571,9.50157642364502e-4
3089,7.048845291137695e-4
2854,0.010072708129882812
7156,0.9677348211407661
6080,0.5536686182022095
10041,0.03375506401062012
7286,5.638599395751953e-5
5468,5.598664283752441e-4
3092,1.277923583984375e-4
9938,0.00130540132522583
6682,0.041769444942474365
2130,0.3739697337150574
2181,0.0023559927940368652
6764,2.69472599029541e-4
5668,0.003930926322937012
2710,5.391240119934082e-4
4389,0.9973136195912957
4398,0.041982293128967285
1383,0.01650393009185791
225,0.01646190881729126
5276,4.7194957733154297e-4
4176,2.0736455917358398e-4
106,0.8636808842420578
8450,0.0013946890830993652
3737,0.002008676528930664
6800,4.5943260192871094e-4
4796,1.7911195755004883e-4
5198,0.2859005928039551
6683,0.0011091828346252441
5191,2.1272897720336914e-4
4036,0.002778768539428711
290,0.015154480934143066
5716,0.3772604465484619
7698,1.6188621520996094e-4
5866,0.12152057886123657
2673,0.020360827445983887
6032,3.7479400634765625e-4
9417,0.14188075065612793
8954,6.819963455200195e-4
4791,3.336668014526367e-4
298,0.018932044506072998
10076,0.005981802940368652
7081,0.9869401175528765
4707,0.0014691352844238281
6334,0.00835275650024414
7239,0.9972189506515861
7551,0.9282286018133163
3336,0.29337549209594727
148,0.00396120548248291
1648,2.9391050338745117e-4
1469,4.7969818115234375e-4
6827,5.828142166137695e-4
3990,0.037212371826171875
4666,0.0016664862632751465
2430,0.0027469992637634277
8207,0.002608060836791992
58,8.106231689453125e-5
4778,0.9874846031889319
587,0.05524235963821411
9277,0.009638071060180664
4483,5.539059638977051e-4
8443,0.0012993812561035156
8902,1.8399953842163086e-4
9557,0.00016355514526367188
4299,0.015607953071594238
522,2.471804618835449e-4
6084,0.9988718291278929
1216,0.00017023086547851563
5370,1.7946958541870117e-4
9434,3.160238265991211e-4
210,3.170967102050781e-4
1490,0.0029631853103637695
8832,0.08333879709243774
1168,6.23166561126709e-4
5794,9.092092514038086e-4
8980,0.003828108310699463
2955,5.641579627990723e-4
3773,2.5206804275512695e-4
7385,1.7696619033813477e-4
6782,3.5011768341064453e-4
3946,0.0010517239570617676
1599,0.9227450862526894
6470,1.9508600234985352e-4
5757,7.816553115844727e-4
3735,0.10681641101837158
8391,0.0012431144714355469
4552,0.007744789123535156
7336,0.001820683479309082
9151,7.073879241943359e-4
7945,0.0018242597579956055
5700,1.5866756439208984e-4
6710,0.001344919204711914
1271,0.5387471616268158
7354,5.84721565246582e-4
5182,0.0011893510818481445
3335,0.7955908179283142
3054,6.77943229675293e-4
7104,9.114742279052734e-4
6347,9.565949440002441e-4
6419,9.647607803344727e-4
2075,0.0022356510162353516
1370,1.4138221740722656e-4
9108,0.011990368366241455
7120,0.03586399555206299
8572,0.08464699983596802
5440,0.38103365898132324
7366,0.9902931237593293
2657,0.0035665035247802734
6051,0.001342177391052246
913,2.364516258239746e-4
8478,0.0028630495071411133
8141,3.897547721862793e-4
5534,0.001973450183868408
8924,0.15560382604599
4906,0.9659121595323086
6025,6.25908374786377e-4
9251,0.003982126712799072
5088,2.2679567337036133e-4
1595,0.0064424872398376465
7218,0.0017981529235839844
9512,0.0013913512229919434
8996,0.8009589314460754
2492,1.1527538299560547e-4
8251,3.387928009033203e-4
47,0.053749918937683105
728,3.5512447357177734e-4
5453,2.898573875427246e-4
3649,6.808042526245117e-4
1572,3.466606140136719e-4
5043,0.06197357177734375
2753,0.9924446046352386
6417,0.016921818256378174
5485,6.72459602355957e-4
5510,6.829500198364258e-4
1694,0.0016286969184875488
9572,0.9733265843242407
2225,0.5436478853225708
1099,2.4455785751342773e-4
1226,2.211928367614746e-4
6638,2.2965669631958008e-4
7608,0.9880874250084162
3478,0.6768192648887634
4462,0.001782834529876709
9003,5.281567573547363e-4
3179,0.009815871715545654
2027,0.9615147672593594
2812,6.48200511932373e-4
1828,7.723569869995117e-4
8709,6.639361381530762e-4
8554,2.550482749938965e-4
935,0.21998292207717896
6982,5.799531936645508e-4
1147,0.0015911459922790527
7102,0.006140768527984619
3437,0.011065781116485596
1181,0.0026268959045410156
4087,0.0010672211647033691
7794,0.016727983951568604
4882,0.0010179877281188965
329,0.9122806787490845
4794,0.00112837553024292
9769,0.02106642723083496
5741,3.8433074951171875e-4
426,4.013180732727051e-4
3079,0.38742154836654663
3964,0.9986172303324565
4413,0.9970181011594832
2081,4.2706727981567383e-4
4297,0.6408461034297943
617,0.033234477043151855
7060,0.03980821371078491
8848,0.001325368881225586
7935,3.871321678161621e-4
118,3.8433074951171875e-4
5632,0.24089068174362183
8614,0.001325368881225586
5792,5.739927291870117e-4
9326,0.004994451999664307
5640,2.936720848083496e-4
1319,3.809928894042969e-4
9853,0.006425440311431885
5671,1.1801719665527344e-4
10028,4.7087669372558594e-5
5463,0.8879202827811241
5883,4.0286779403686523e-4
3825,0.008962154388427734
793,0.0022902488708496094
7035,2.0450353622436523e-4
683,0.150981605052948
601,0.22882169485092163
6491,0.0012494325637817383
5373,5.710721015930176e-4
3366,5.890130996704102e-4
9511,0.9777007661759853
2312,0.7975888103246689
8475,2.581477165222168e-4
321,0.18542420864105225
2668,0.020720481872558594
736,0.0017154812812805176
3211,8.837580680847168e-4
8204,0.0023183822631835938
7596,0.011877477169036865
9798,4.082322120666504e-4
5789,0.001159369945526123
4062,6.455779075622559e-4
9123,0.1690320372581482
5047,0.2023463249206543
3645,5.805492401123047e-4
1345,0.001757979393005371
1719,0.0010418891906738281
9850,0.0021549463272094727
5126,0.0010723471641540527
6937,0.9952665027230978
8070,0.0011293292045593262
9336,7.035732269287109e-4
8127,0.009231388568878174
5071,0.11912083625793457
9002,3.350973129272461e-4
3119,0.9963599478360265
2140,0.01837855577468872
9053,0.0028377175331115723
7055,3.0922889709472656e-4
6815,0.001295328140258789
5778,3.1054019927978516e-4
784,0.8733106851577759
7009,1.9949674606323242e-4
7660,0.9134887829422951
5927,0.956281416118145
4181,2.1666288375854492e-4
5120,4.315376281738281e-5
1507,0.00867617130279541
4468,0.023210346698760986
745,3.972649574279785e-4
2721,0.0010564923286437988
8180,0.9995548081060406
3891,4.8160552978515625e-4
9407,0.0072365403175354
1204,0.022896409034729004
9926,1.556873321533203e-4
922,1.5819072723388672e-4
8911,1.9997358322143555e-4
615,0.004797816276550293
9821,5.972385406494141e-4
7646,4.905462265014648e-4
6715,0.004063725471496582
2149,0.9904412683099508
7074,0.00695270299911499
3643,0.5300937294960022
2945,0.0038188695907592773
783,0.004975736141204834
5488,3.8230419158935547e-4
1085,0.08475983142852783
9144,5.221962928771973e-4
9809,3.063678741455078e-4
5098,6.004571914672852e-4
5142,2.892613410949707e-4
1238,0.2892976403236389
1393,3.758668899536133e-4
3607,6.255507469177246e-4
2829,0.0012136101722717285
4617,0.03429269790649414
5278,7.985234260559082e-4
5913,6.660819053649902e-4
1457,1.4889240264892578e-4
2922,0.019696831703186035
236,4.3970346450805664e-4
8897,0.013166248798370361
9697,0.08929592370986938
4488,0.0023674964904785156
7337,5.620121955871582e-4
1127,0.9350201934576035
3165,0.9960828884504735
3550,0.9645281657576561
8173,0.0020273327827453613
3605,0.012291669845581055
7349,3.6156177520751953e-4
7986,0.05061858892440796
5035,0.020696818828582764
2531,0.00752335786819458
4793,2.1916627883911133e-4
10004,0.36456602811813354
5945,0.0015075206756591797
7033,3.7384033203125e-4
5252,6.528496742248535e-4
5800,0.00013971328735351563
6951,0.0015267729759216309
5595,7.766485214233398e-4
9137,0.0012202858924865723
6973,0.9637772366404533
9660,0.0021389126777648926
1631,0.018634557723999023
4189,0.0010123848915100098
1569,0.0015278458595275879
7990,0.01210695505142212
370,0.0036154985427856445
889,0.9862618865445256
6489,9.517073631286621e-4
357,1.2946128845214844e-4
3268,0.0012119412422180176
10121,2.9033422470092773e-4
272,0.0011461973190307617
120,0.0032553672790527344
1299,2.8890371322631836e-4
9237,9.191036224365234e-5
1298,0.9905360313132405
355,0.007943928241729736
152,0.9949452709406614
6167,2.581477165222168e-4
890,3.1173229217529297e-4
9907,5.776882171630859e-4
5839,2.173781394958496e-4
3811,3.959536552429199e-4
6533,0.9946344215422869
373,0.00542294979095459
9293,2.987980842590332e-4
6274,5.463957786560059e-4
5988,0.0029918551445007324
9091,0.029913902282714844
2789,0.0011910200119018555
5558,0.0010457038879394531
8288,0.03739529848098755
7751,2.663731575012207e-4
6196,2.4002790451049805e-4
7431,0.9918479546904564
2887,0.0010911226272583008
1737,0.05672049522399902
2907,2.0140409469604492e-4
983,0.0026464462280273438
7487,1.7660856246948242e-4
6269,0.08111655712127686
9132,5.90205192565918e-4
3566,0.001820206642150879
9991,0.008046925067901611
1243,7.039308547973633e-4
4660,2.917647361755371e-4
9882,0.5330557823181152
7860,9.009838104248047e-4
3538,4.183650016784668e-4
7924,9.083747863769531e-4
8962,3.528594970703125e-4
6647,5.066394805908203e-4
4195,0.012361288070678711
8617,2.3001432418823242e-4
5974,0.02869945764541626
4790,0.022421598434448242
647,0.0018069148063659668
5049,0.01824575662612915
2020,1.4460086822509766e-4
9516,0.001038670539855957
3163,0.0012869834899902344
9220,0.002713799476623535
267,0.0013093352317810059
3312,1.251697540283203e-4
534,9.01341438293457e-4
5523,3.6644935607910156e-4
6515,2.409815788269043e-4
1273,3.622770309448242e-4
6687,2.339482307434082e-4
292,0.9897635988891125
2153,7.396340370178223e-4
8917,7.528066635131836e-4
6273,0.0011636614799499512
3057,0.011584043502807617
4284,0.9875637944787741
6560,0.0026978254318237305
5599,0.8827181980013847
2640,7.908940315246582e-4
8970,0.9792643561959267
6999,0.9779404606670141
9910,0.005045831203460693
1342,0.9976140747312456
1410,0.9166480228304863
9335,0.004167377948760986
5227,0.9895131606608629
7446,0.001689314842224121
3555,0.986729459837079
1426,0.0010567307472229004
3261,0.22306346893310547
6688,0.0011255145072937012
2846,0.0036358237266540527
6166,0.0020245909690856934
3893,0.16805994510650635
3236,0.9879100294783711
8472,0.009911596775054932
9501,0.0022919178009033203
3688,8.730292320251465e-4
2568,4.782676696777344e-4
9565,0.05960947275161743
7019,0.9947782843373716
2761,0.8660191893577576
1533,3.091096878051758e-4
1679,0.0027655959129333496
7639,4.6133995056152344e-4
3244,0.0014076828956604004
2822,2.1582841873168945e-4
3913,0.021460771560668945
2104,1.0907649993896484e-4
636,1.0657310485839844e-4
6802,3.0624866485595703e-4
4987,0.002847909927368164
4828,0.8367556035518646
4771,0.0013003349304199219
4446,1.8543004989624023e-4
6017,5.344748497009277e-4
6482,0.0018849372863769531
8259,3.4105777740478516e-4
4173,0.002090156078338623
989,0.0010023713111877441
8093,0.8249257355928421
5590,3.4356117248535156e-4
6732,0.0042517781257629395
7464,3.829002380371094e-4
7913,1.919865608215332e-4
756,1.4770030975341797e-4
1529,5.869865417480469e-4
390,6.715059280395508e-4
5733,3.2448768615722656e-4
416,5.987882614135742e-4
538,0.006659328937530518
9449,0.021962761878967285
6125,0.09140074253082275
2962,0.4692535400390625
1853,0.0026017427444458008
6082,0.45412397384643555
9967,0.06773769855499268
8110,5.44130802154541e-4
2352,0.0011788010597229004
2344,2.7173757553100586e-4
3133,3.083944320678711e-4
5243,0.9627220518887043
3019,0.0023067593574523926
5816,1.9425153732299805e-4
9287,3.762245178222656e-4
6103,1.7815828323364258e-4
6418,0.0010222196578979492
6624,1.8173456192016602e-4
9767,4.112124443054199e-4
1434,0.995409281924367
6165,6.665587425231934e-4
5921,3.571510314941406e-4
7304,0.03567957878112793
6826,7.641315460205078e-4
7310,0.0021317005157470703
5860,0.03402721881866455
3358,2.7865171432495117e-4
8072,3.559589385986328e-4
6203,0.0012665390968322754
4226,0.01920604705810547
2650,0.004222869873046875
2134,0.004917025566101074
3590,0.026794731616973877
1148,0.997649427736178
526,7.987022399902344e-5
5939,0.0017749667167663574
5770,1.8030405044555664e-4
4214,0.004159033298492432
8001,7.445216178894043e-4
839,1.512765884399414e-4
801,0.9928715582937002
1444,3.1960010528564453e-4
8843,0.00988614559173584
2458,0.0029474496841430664
5556,0.9834349118173122
5564,0.9147419631481171
4575,5.060434341430664e-4
2544,0.004279911518096924
2446,0.9813869018107653
3537,7.215142250061035e-4
3572,5.412697792053223e-4
324,9.766817092895508e-4
3078,1.4281272888183594e-4
1787,0.0038962364196777344
3421,0.09869033098220825
7288,0.8075413256883621
9292,1.0371208190917969e-4
4885,9.90748405456543e-4
1270,1.6236305236816406e-4
9462,2.620816230773926e-4
3575,0.0012316107749938965
8932,4.6372413635253906e-5
3731,1.2886524200439453e-4
4290,0.039858102798461914
7944,0.0017778277397155762
8580,3.7300586700439453e-4
8836,1.8602609634399414e-4
6717,0.0018170475959777832
3755,8.786320686340332e-4
6834,0.001040816307067871
9950,6.36756420135498e-4
6886,0.01018381118774414
7666,0.021937429904937744
1363,2.4455785751342773e-4
5938,3.4165382385253906e-4
3601,4.356503486633301e-4
9414,0.0010981559753417969
8846,0.004342555999755859
9268,0.852139413356781
3321,0.01975494623184204
684,6.747245788574219e-4
1625,0.0012163519859313965
8484,1.405477523803711e-4
4048,2.282261848449707e-4
9725,5.703568458557129e-4
74,0.8046933561563492
5062,2.449154853820801e-4
6390,0.0011814236640930176
1194,2.307295799255371e-4
3561,1.6558170318603516e-4
7749,0.001963317394256592
8201,8.254647254943848e-4
871,0.6119491755962372
3049,0.9468951150774956
5718,4.054903984069824e-4
1014,0.003416299819946289
2865,0.06080508232116699
3113,3.1006336212158203e-4
8256,0.9445872455835342
5676,9.468197822570801e-4
4792,0.027158021926879883
1711,0.37546664476394653
8315,3.726482391357422e-4
7295,4.239678382873535e-4
5248,0.42773061990737915
146,0.0030843019485473633
9471,1.436471939086914e-4
5954,3.860592842102051e-4
3256,0.8475120663642883
711,1.405477523803711e-4
9206,5.134344100952148e-4
4079,0.09103065729141235
4957,1.9413232803344727e-4
1450,5.275607109069824e-4
8125,0.2963895797729492
8493,0.014895737171173096
2505,0.0012589097023010254
1190,0.0017113089561462402
7202,0.001575469970703125
701,0.02394026517868042
1334,4.658699035644531e-4
5188,1.4412403106689453e-4
5427,4.711151123046875e-4
2790,0.0581364631652832
481,0.9939914280548692
8700,2.1857023239135742e-4
2283,0.294181764125824
2924,0.1858886480331421
6693,0.0016138553619384766
568,0.9775423090904951
1067,1.5938282012939453e-4
1101,4.782676696777344e-4
5992,1.5091896057128906e-4
5172,0.9991991909919307
6189,0.003943681716918945
7123,8.14199447631836e-5
1379,0.9891359908506274
413,0.01390087604522705
9756,0.008261620998382568
2539,6.0272216796875e-4
1338,8.702874183654785e-4
4354,3.535747528076172e-4
5615,8.147358894348145e-4
3747,2.6410818099975586e-4
8270,0.03521764278411865
4690,0.010014176368713379
5425,1.157522201538086e-4
4486,0.0012604594230651855
9131,0.7776058912277222
4614,2.937912940979004e-4
211,0.030495107173919678
7784,1.6748905181884766e-4
8564,0.0025041699409484863
4673,0.00015497207641601563
8806,4.756450653076172e-4
4190,4.974603652954102e-4
3435,0.9988178862258792
3408,5.340576171875e-5
6499,0.9488238133490086
3341,0.031966328620910645
1834,0.9986054103355855
1998,8.905529975891113e-4
6076,0.9899384398013353
994,2.192854881286621e-4
1889,0.008637964725494385
5712,0.06406182050704956
3652,1.7911195755004883e-4
5818,7.735490798950195e-4
323,0.003938019275665283
4687,0.0031775236129760742
3463,3.695487976074219e-4
1321,0.9671902991831303
6311,0.9902617670595646
2569,0.9716289862990379
8608,0.013832509517669678
4714,0.5209673941135406
293,0.003007173538208008
878,0.9659368544816971
8107,0.001434624195098877
4068,0.003243863582611084
7041,0.971511073410511
2674,8.025765419006348e-4
9705,0.014502167701721191
4984,0.00871354341506958
3774,0.03329062461853027
6920,0.005667567253112793
4350,0.009766340255737305
4751,0.0027939677238464355
1156,0.004683494567871094
5695,0.042096853256225586
5476,0.00431513786315918
1738,2.8008222579956055e-4
7205,9.163618087768555e-4
3381,9.806156158447266e-4
3823,0.0022553205490112305
3394,1.7303228378295898e-4
6685,3.610849380493164e-4
5484,0.0028395652770996094
2659,0.007935702800750732
9142,0.0036081671714782715
8482,0.004289150238037109
9359,0.9202276840806007
3446,0.9429502934217453
3337,0.43684983253479004
5972,0.9526990875601768
5543,4.398226737976074e-4
1816,0.001084446907043457
9623,0.7044870555400848
5971,0.0013110041618347168
203,0.002876579761505127
1368,0.0012595057487487793
9365,2.5528669357299805e-4
7169,0.24993503093719482
856,0.009127318859100342
4559,5.52833080291748e-4
3494,3.236532211303711e-4
9031,0.8998965919017792
3451,1.455545425415039e-4
8398,3.8892030715942383e-4
1591,0.055024921894073486
3433,0.006343662738800049
8445,1.735091209411621e-4
6765,0.0022079944610595703
2138,0.010126948356628418
1872,5.379319190979004e-4
1855,0.9856307245790958
5297,4.584789276123047e-4
5911,0.11967474222183228
1705,3.210306167602539e-4
8057,6.794929504394531e-4
2278,0.0012453794479370117
8012,0.0035858154296875
10084,0.9296678155660629
2297,6.978511810302734e-4
1881,6.966590881347656e-4
1920,2.282261848449707e-4
4401,7.295012474060059e-4
6062,2.719759941101074e-4
7893,0.17086124420166016
6797,3.587007522583008e-4
1437,2.091526985168457e-4
6906,0.2886244058609009
5407,0.005603790283203125
446,2.4002790451049805e-4
8648,0.002406895160675049
2809,0.002100229263305664
8814,6.627440452575684e-4
4913,0.004023730754852295
165,0.9736440796405077
2726,2.0903348922729492e-4
1849,0.55784010887146
7084,4.788637161254883e-4
1683,0.004759550094604492
9286,0.035159170627593994
1509,0.0021494626998901367
491,0.7778583765029907
2591,0.9775627590715885
9113,2.8258562088012695e-4
2839,3.211498260498047e-4
5843,1.8006563186645508e-4
5391,0.0025092363357543945
5156,3.890395164489746e-4
4824,0.007467806339263916
1999,4.820823669433594e-4
1813,0.9832325540482998
4840,0.0013102889060974121
8603,0.00266188383102417
8434,3.8182735443115234e-4
5007,5.131959915161133e-4
7996,0.9998363628255902
5583,3.4737586975097656e-4
3805,0.9148839116096497
8498,0.957223929464817
5519,8.34345817565918e-4
3501,2.251267433166504e-4
658,4.7516822814941406e-4
6517,6.53684139251709e-4
698,0.001234889030456543
247,0.00075817108154296875
9540,2.5087594985961914e-4
565,0.0012001991271972656
8217,6.864070892333984e-4
9139,0.030936717987060547
2022,0.9989599109394476
7495,0.7806838005781174
7826,7.854700088500977e-4
110,0.9958409904502332
5327,0.006163060665130615
2915,0.04194146394729614
3428,0.10202968120574951
6627,0.9153157994151115
5956,0.9867149097844958
3454,1.5544891357421875e-4
6485,0.0032118558883666992
5505,1.6951560974121094e-4
7962,2.9212236404418945e-4
6118,0.011729598045349121
1768,0.02028477191925049
8816,0.010311245918273926
1072,2.2536516189575195e-4
8235,0.960610918700695
2648,3.4868717193603516e-4
6523,2.3430585861206055e-4
6690,8.622407913208008e-4
4038,0.9569270387291908
7504,0.0011091828346252441
8128,0.054440438747406006
9833,0.9725788980722427
9098,3.534555435180664e-4
4013,2.3406744003295898e-4
1624,0.04883289337158203
5253,0.32969987392425537
2443,4.5692920684814453e-4
7691,6.128549575805664e-4
8573,0.0021599531173706055
814,6.604790687561035e-4
9905,0.0011417865753173828
1949,1.5175342559814453e-4
2709,8.838772773742676e-4
4202,3.2591819763183594e-4
5967,0.011236310005187988
9955,0.0050545334815979
6089,0.0010347366333007813
2805,8.170008659362793e-4
817,6.859302520751953e-4
9332,0.0018115639686584473
2061,4.037022590637207e-4
1366,0.041043102741241455
1095,3.3020973205566406e-4
9150,0.9914790662005544
7404,4.3696165084838867e-4
249,0.0010384321212768555
7162,0.005924105644226074
2079,0.0016177892684936523
9424,0.003101944923400879
7319,1.5628337860107422e-4
3385,0.002315521240234375
5261,0.002579808235168457
27,0.6868492364883423
6549,6.135702133178711e-4
1487,0.004286527633666992
2835,0.99636075575836
4402,0.9950725799426436
2462,0.0018135905265808105
1073,2.7686357498168945e-4
9430,0.7480428218841553
9963,0.9562336169183254
3322,0.9966775595676154
7798,0.13388758897781372
2961,0.0011177659034729004
948,0.9968391470611095
9273,4.787445068359375e-4
8313,0.0048313140869140625
1244,6.699562072753906e-5
1306,7.801055908203125e-4
6532,0.00201416015625
8449,0.0038976669311523438
9584,1.6045570373535156e-4
830,0.013903439044952393
7158,0.0018184185028076172
7545,7.548332214355469e-4
8934,0.8877307400107384
5324,0.9912769012153149
9429,0.07463622093200684
4910,0.011502385139465332
5708,1.291036605834961e-4
8422,4.538893699645996e-4
3496,0.006245434284210205
4752,7.180571556091309e-4
8227,1.1909008026123047e-4
5414,0.3204624056816101
2913,0.9460216537117958
4005,2.720952033996582e-4
4441,1.849532127380371e-4
4113,0.020653188228607178
4461,7.112026214599609e-4
6154,7.544755935668945e-4
7492,3.205537796020508e-4
9588,0.06997179985046387
8392,5.213618278503418e-4
7953,5.44130802154541e-4
729,0.0029686689376831055
3816,0.8918115720152855
3673,3.693103790283203e-4
8451,0.022569596767425537
4869,2.9605627059936523e-4
7099,0.9824320655316114
3973,0.006737768650054932
1052,8.276700973510742e-4
263,0.996975583024323
5642,5.117654800415039e-4
2565,0.10116380453109741
2556,5.622506141662598e-4
6392,3.026723861694336e-4
4636,0.9284720197319984
6140,0.9978812208864838
4274,0.19553214311599731
9779,0.08092468976974487
5662,0.12056100368499756
1699,1.938939094543457e-4
1936,0.06890213489532471
4192,0.9961141652893275
5036,8.72194766998291e-4
4100,0.94359240680933
8037,0.03888005018234253
9581,7.140040397644043e-4
9507,0.006051778793334961
10022,1.1241436004638672e-4
5193,2.0653009414672852e-4
5791,0.06286954879760742
5902,6.024837493896484e-4
1387,0.04229402542114258
8454,0.9901018384844065
6625,0.003960728645324707
462,3.1280517578125e-4
3857,1.6880035400390625e-4
451,5.567669868469238e-4
3377,5.202889442443848e-4
4233,0.00015211105346679688
1538,0.011038601398468018
10014,0.0544014573097229
785,0.0032266974449157715
3741,0.1435566544532776
1590,0.9138736128807068
6864,0.0012036561965942383
6974,6.337761878967285e-4
3146,0.028834939002990723
7343,0.9133350029587746
545,0.17723500728607178
4365,3.3342838287353516e-4
2188,0.11914730072021484
9223,0.001924753189086914
8717,0.9916688278317451
4729,0.0033356547355651855
1532,7.163882255554199e-4
9860,0.0020912885665893555
9801,2.257227897644043e-4
7332,4.674196243286133e-4
1177,0.6757025718688965
1522,3.0541419982910156e-4
2940,0.08972412347793579
5657,0.0026082992553710938
7974,5.003213882446289e-4
6555,0.935830682516098
5698,0.9969302986282855
5234,0.007995188236236572
1669,0.054681360721588135
2951,0.029577910900115967
2859,0.002100706100463867
6236,0.9973611747846007
8951,0.002912580966949463
9387,0.01911109685897827
8066,9.50157642364502e-4
7135,0.004536569118499756
3923,7.99715518951416e-4
3149,0.007489204406738281
7047,0.010223984718322754
2574,0.27664220333099365
9889,0.008352041244506836
8386,6.44385814666748e-4
8804,0.016820907592773438
6351,9.417533874511719e-5
2713,0.012323260307312012
6770,0.9973153730388731
4495,3.4046173095703125e-4
717,7.092952728271484e-4
2690,0.0022949576377868652
7266,3.7229061126708984e-4
708,7.38680362701416e-4
6898,0.0038785338401794434
7021,2.6851892471313477e-4
7776,2.022385597229004e-4
3624,0.0011702179908752441
9659,0.9838120806962252
1249,0.0011734366416931152
81,0.7876118123531342
6160,8.164048194885254e-4
6280,0.0022283196449279785
9672,0.05589735507965088
1682,0.9987800748785958
202,0.052775800228118896
9189,0.07540279626846313
8469,1.9210577011108398e-4
4306,2.339482307434082e-4
1983,0.005420684814453125
6698,0.00015497207641601563
4862,3.3593177795410156e-4
1164,0.996705187484622
605,0.0471380352973938
9497,4.6312808990478516e-4
2146,8.276700973510742e-4
606,0.9854273609817028
4477,0.7061076164245605
5340,9.150505065917969e-4
5753,4.1729211807250977e-4
8888,2.3823976516723633e-4
1587,6.06536865234375e-4
739,2.0521879196166992e-4
5422,0.0030933022499084473
4554,0.9183894544839859
4775,3.179311752319336e-4
8651,6.365180015563965e-4
4357,7.852315902709961e-4
9488,0.05716782808303833
3360,0.07791757583618164
1971,5.143880844116211e-4
7494,0.967545922845602
7611,1.895427703857422e-5
6212,0.07373374700546265
5577,0.04352295398712158
3297,3.7026405334472656e-4
1336,2.295374870300293e-4
2875,2.2667646408081055e-4
721,0.0036423802375793457
8166,2.568364143371582e-4
6213,0.32961970567703247
7196,0.029105067253112793
3654,0.18439477682113647
1745,0.0033606290817260742
8569,0.0011693835258483887
4818,3.6537647247314453e-4
8271,0.029080092906951904
9082,0.4322988986968994
2167,2.0712614059448242e-4
7704,0.018011868000030518
4867,0.7524368166923523
10073,0.002838134765625
1661,0.5148268938064575
5849,0.9623442552983761
7716,0.03226327896118164
4513,2.3239850997924805e-4
260,6.449222564697266e-5
8144,1.3840198516845703e-4
9567,5.456805229187012e-4
2513,6.556510925292969e-5
9976,1.4960765838623047e-4
5470,7.728338241577148e-4
1577,0.0015015602111816406
8909,1.7648935317993164e-4
7141,0.0096205472946167
1779,0.006692945957183838
7219,3.707408905029297e-5
7432,7.988810539245605e-4
2541,0.015677988529205322
9682,0.00282132625579834
8891,0.7476325333118439
8809,0.0025762319564819336
8807,2.8830766677856445e-4
3887,0.19692039489746094
9214,0.9848543060943484
9088,0.014814198017120361
1543,5.415081977844238e-4
786,0.0012916326522827148
4469,0.0023925304412841797
8808,0.0012243390083312988
4287,7.030963897705078e-4
8415,2.0617246627807617e-4
9781,0.9924632273614407
593,0.9351523146033287
4381,0.001183152198791504
6192,0.004266560077667236
5581,3.8701295852661133e-4
6300,0.0443386435508728
8014,0.007596254348754883
3376,0.004282891750335693
45,0.06854492425918579
1266,0.03817009925842285
9034,4.184842109680176e-4
9992,0.002019941806793213
7451,0.0032542943954467773
5409,0.0018638372421264648
10089,0.9924781247973442
1022,0.012070417404174805
1026,0.3575759530067444
7590,0.9990237114834599
1597,0.9990928717888892
6019,6.897449493408203e-4
4764,2.1499395370483398e-4
1776,0.007504701614379883
3455,3.6644935607910156e-4
9642,0.0037979483604431152
5952,0.00011110305786132813
6056,0.002521216869354248
8399,1.1849403381347656e-4
2882,7.417798042297363e-4
6722,0.0012319684028625488
6162,4.3123960494995117e-4
8385,6.251931190490723e-4
4314,0.08322274684906006
7013,4.5293569564819336e-4
3391,0.002962827682495117
7939,0.0014617443084716797
5526,2.741217613220215e-4
1940,0.005601108074188232
5658,5.919933319091797e-4
770,0.014684557914733887
9451,6.127357482910156e-4
5681,0.0016837120056152344
8124,1.4972686767578125e-4
10035,0.3451836109161377
8964,7.457137107849121e-4
5355,0.9741894956678152
3950,0.046271681785583496
217,5.774497985839844e-4
9800,7.081031799316406e-5
8322,0.1982211470603943
8176,1.131296157836914e-4
4278,0.0014334321022033691
102,3.154277801513672e-4
9715,5.410313606262207e-4
9662,2.421736717224121e-4
752,4.4161081314086914e-4
3976,6.880760192871094e-4
5541,3.6275386810302734e-4
3935,0.998410870321095
3486,4.417300224304199e-4
1516,9.763240814208984e-5
4694,8.480548858642578e-4
6938,5.282759666442871e-4
2185,0.76026751101017
4959,0.1959502100944519
8325,0.9976379775907844
460,0.9905992783606052
507,0.005284607410430908
8151,6.309151649475098e-4
7488,0.9992223905865103
4929,8.195042610168457e-4
3039,0.00014638900756835938
2228,5.974769592285156e-4
4093,0.9208694025874138
6035,4.5800209045410156e-4
530,1.233816146850586e-4
10082,0.06629246473312378
372,6.810426712036133e-4
1710,5.933046340942383e-4
7976,0.9070530533790588
2893,9.090900421142578e-4
4184,0.06736838817596436
2555,0.0011066794395446777
4408,3.376007080078125e-4
7497,3.871321678161621e-4
7089,9.438395500183105e-4
9224,0.6412979960441589
2708,0.003979504108428955
1373,0.0682532787322998
5529,0.016449153423309326
6252,0.006962239742279053
9222,0.016891658306121826
9912,1.9210577011108398e-4
144,8.809566497802734e-5
1251,0.008482038974761963
8474,4.1800737380981445e-4
6579,1.246929168701172e-4
7139,2.8902292251586914e-4
667,0.7299798130989075
1614,0.015528619289398193
6437,3.503561019897461e-4
2746,0.07589536905288696
8609,0.0013952851295471191
7676,0.0012477636337280273
4759,0.04734396934509277
9691,1.8447637557983398e-4
2388,0.10508638620376587
9117,0.11174190044403076
9663,0.01665818691253662
1278,0.013411462306976318
4901,1.1527538299560547e-4
5403,0.0013936161994934082
8516,2.6923418045043945e-4
8729,3.3092498779296875e-4
7875,1.8388032913208008e-4
5784,2.8640031814575195e-4
8839,0.28840166330337524
9312,0.061635613441467285
5204,0.040576815605163574
206,0.01650780439376831
5745,0.01611572504043579
8947,8.233189582824707e-4
5421,0.001722574234008789
1231,0.9941236493177712
9722,9.093284606933594e-4
1771,0.0030243396759033203
1225,7.944703102111816e-4
1446,0.008432567119598389
6228,3.1197071075439453e-4
124,0.00938183069229126
6741,1.1944770812988281e-4
750,6.747245788574219e-5
8483,0.9936990039423108
8575,5.434155464172363e-4
2834,0.02380073070526123
9799,0.0011031627655029297
6127,0.00070667266845703125
7179,6.555914878845215e-4
9077,0.9989988658344373
9590,2.4825334548950195e-4
4545,2.1821260452270508e-4
4118,6.340146064758301e-4
4787,0.22721272706985474
2816,0.9506660178303719
7291,0.007205188274383545
8626,0.0014952421188354492
8403,0.0038188695907592773
707,0.05267709493637085
4244,0.9980822089128196
6957,0.033815741539001465
7806,4.98652458190918e-4
1932,0.9981504045426846
5721,0.7155501246452332
5397,0.014049708843231201
3387,0.017617225646972656
4881,0.010664641857147217
3371,0.9827351495623589
8734,4.6753883361816406e-4
14,0.1620592474937439
2062,0.020638883113861084
4837,4.900693893432617e-4
8941,7.110834121704102e-4
319,0.7508520185947418
2792,2.8842687606811523e-4
874,2.658963203430176e-4
7002,0.0039288997650146484
753,1.8924474716186523e-4
9304,0.9049466773867607
7489,0.20229989290237427
5877,0.0014392733573913574
8471,4.0727853775024414e-4
9166,0.001001894474029541
7788,0.003549933433532715
9628,2.6232004165649414e-4
9008,0.0013199448585510254
6386,0.001213371753692627
8448,0.9672215469181538
5649,0.003308892250061035
7604,0.010115504264831543
2281,0.006052255630493164
8528,0.520311176776886
4709,0.001407325267791748
7109,5.756616592407227e-4
3691,0.0024394989013671875
3727,6.515383720397949e-4
6836,0.02300816774368286
7774,2.58028507232666e-4
497,1.0657310485839844e-4
876,6.783008575439453e-4
6371,0.03372979164123535
2474,0.0016489028930664063
3075,9.328722953796387e-4
5056,0.006424844264984131
5244,0.001757502555847168
4296,0.9923141021281481
3972,1.418590545654297e-4
6170,0.0013006925582885742
1748,6.029605865478516e-4
5362,7.860660552978516e-4
8597,0.9778589103370905
4411,4.856586456298828e-4
1897,0.010481655597686768
2613,2.200007438659668e-4
9126,1.4472007751464844e-4
3874,1.5664100646972656e-4
10065,0.035326242446899414
1935,0.0019082427024841309
7547,0.9983893443131819
2135,0.7549476623535156
5238,0.8482201993465424
768,0.25440335273742676
1657,0.011536777019500732
9627,0.009069740772247314
5026,3.650188446044922e-4
3436,0.002422511577606201
7515,6.299614906311035e-4
823,9.9658966064453125e-005
233,0.003659486770629883
7671,7.258057594299316e-4
6733,0.9877444813027978
9693,0.2411676049232483
8200,0.9640023410320282
9064,0.22033482789993286
8218,0.006102502346038818
5568,0.017310738563537598
3083,0.0033546090126037598
8056,3.5178661346435547e-4
2393,1.5985965728759766e-4
1100,4.139542579650879e-4
854,2.835392951965332e-4
356,0.16884201765060425
3294,8.664727210998535e-4
6231,0.23861652612686157
1688,0.001178443431854248
7651,0.005545079708099365
6602,0.24833142757415771
7326,3.167390823364258e-4
9040,0.6435564160346985
5943,7.164478302001953e-5
2220,0.03733783960342407
474,0.02578645944595337
2441,0.001717209815979004
4162,0.0029685497283935547
1755,0.006540536880493164
8470,5.607008934020996e-4
5267,0.9886090252548456
352,2.828240394592285e-4
3413,3.0350685119628906e-4
4002,0.006360828876495361
5249,0.9868391454219818
6779,0.0024788975715637207
6943,9.59634780883789e-5
7661,0.004190325736999512
6117,4.818439483642578e-4
7713,0.0012761950492858887
3109,6.61313533782959e-4
852,6.274580955505371e-4
3309,0.16681420803070068
1149,0.9988848513457924
2797,2.773404121398926e-4
9527,0.1260662078857422
3040,0.12579256296157837
7325,5.793571472167969e-5
9400,0.9435710161924362
8197,0.9972019218839705
2009,0.0014958381652832031
3304,3.6704540252685547e-4
9185,0.0018813014030456543
6968,0.00258028507232666
5895,3.7479400634765625e-4
6226,0.0018032193183898926
4256,0.0010334253311157227
1541,0.9985875452402979
3762,2.480149269104004e-4
821,5.699992179870605e-4
6942,0.0017740130424499512
4858,0.08229827880859375
3235,1.480579376220703e-4
5295,0.8767933696508408
9568,0.0032653212547302246
7768,2.192854881286621e-4
991,0.2013034224510193
10077,0.002766907215118408
6487,0.0375097393989563
3420,5.529522895812988e-4
4643,3.0100345611572266e-4
5177,0.0010465383529663086
4523,0.003380298614501953
4163,2.3359060287475586e-4
1003,1.538991928100586e-4
8874,0.9241261035203934
6308,0.9973813551478088
1392,8.9168548583984375e-005
5884,0.01854097843170166
10070,0.0015376806259155273
1385,0.0010329484939575195
3948,0.002875983715057373
9703,0.0026520490646362305
8043,0.9846808761358261
362,0.033215880393981934
1795,0.9205726310610771
8967,6.462931632995605e-4
9808,0.9723632577806711
3623,0.0018496513366699219
8968,3.103017807006836e-4
7147,1.6379356384277344e-4
9636,0.004095494747161865
3995,3.769397735595703e-4
7409,0.9378490671515465
8148,3.554821014404297e-4
4855,5.857944488525391e-4
2078,5.691647529602051e-4
3291,5.372166633605957e-4
661,0.001923203468322754
6439,0.9764988608658314
5280,0.2516673803329468
7753,0.0012208819389343262
709,2.478957176208496e-4
4543,0.0038631558418273926
616,0.005735933780670166
6182,0.0018357634544372559
5920,0.6373668015003204
9878,5.773305892944336e-4
2634,0.0766071081161499
5619,0.0011205077171325684
5693,4.633665084838867e-4
4667,0.020189404487609863
6931,0.9899733932688832
8893,0.005103647708892822
8345,4.703998565673828e-4
4889,0.9938413365744054
18,9.369850158691406e-5
6446,9.217262268066406e-4
7330,0.07039165496826172
645,0.005464673042297363
4289,1.56402587890625e-4
6175,0.0022194981575012207
5832,0.017968177795410156
5834,1.6307830810546875e-4
3693,0.2834608554840088
1252,4.20987606048584e-4
3134,1.0895729064941406e-4
4718,0.005888402462005615
6427,9.55045223236084e-4
702,0.005244016647338867
9229,1.2314319610595703e-4
2255,0.00556570291519165
9059,0.022561728954315186
5797,0.012051224708557129
2890,0.03814840316772461
6172,3.54766845703125e-4
4783,0.005738258361816406
5858,0.001196146011352539
4199,0.0013646483421325684
3422,2.0951032638549805e-4
9386,0.0029615163803100586
732,0.9827759824693203
8696,0.17667806148529053
7452,4.665851593017578e-4
6996,4.393458366394043e-4
9518,3.2520294189453125e-4
571,0.002642214298248291
3752,9.22083854675293e-4
1025,6.145238876342773e-4
6663,0.0014105439186096191
6534,0.0015622973442077637
2905,2.174973487854004e-4
6453,0.002232789993286133
7103,0.007951319217681885
358,0.012673795223236084
6149,0.021112382411956787
10016,0.004982173442840576
4448,3.751516342163086e-4
1359,3.70025634765625e-4
6738,0.10642725229263306
4307,0.9895364008843899
9425,0.0017731785774230957
2782,2.3049116134643555e-4
4816,2.4241209030151367e-4
6399,0.9740539863705635
4455,0.0030056238174438477
7143,2.6601552963256836e-4
5100,8.96453857421875e-5
3088,0.9768671952188015
5146,0.001268923282623291
5916,0.01789945363998413
8885,0.9742637183517218
7118,0.0012900829315185547
3239,0.0036154985427856445
2096,3.104209899902344e-4
1692,0.001879870891571045
9344,0.9945773174986243
1069,5.975961685180664e-4
6174,0.9357611685991287
6993,0.001544356346130371
3181,0.003685176372528076
657,7.699728012084961e-4
4703,0.89696254581213
9179,0.0032953619956970215
3664,0.9414958171546459
9888,0.32325518131256104
9366,0.001316845417022705
1053,0.7154721021652222
8258,0.8515544831752777
9857,0.00455087423324585
1399,0.0011230111122131348
2314,1.7970800399780273e-4
8425,0.004259228706359863
3022,3.9082765579223633e-4
6227,0.8689217865467072
6697,5.134344100952148e-4
1310,0.0028519034385681152
4463,0.010765671730041504
6944,0.9643312022089958
9822,0.9810068774968386
