zpid,latestPrice
111373431,400000.0
2084491383,400000.0
60134833,400000.0
83827468,400000.0
64520966,400000.0
83813460,400000.0
29470450,400000.0
88013985,400000.0
185217484,400000.0
83822421,400000.0
70355990,400000.0
29471292,400000.0
241932966,400000.0
116080975,400000.0
185217474,400000.0
145657963,400000.0
96639474,400000.0
64431038,400000.0
251030464,400000.0
29376491,400000.0
241932962,400000.0
29376490,400000.0
64674953,400000.0
29461422,400000.0
29557482,400000.0
29376480,400000.0
29351492,400000.0
29370900,400000.0
29372980,400000.0
29459947,400000.0
241932936,400000.0
89550803,400000.0
29358990,400000.0
241932935,400000.0
29375978,400000.0
185218453,400000.0
111371253,400000.0
2088245915,400000.0
29373974,400000.0
69811366,400000.0
29375973,400000.0
2082177903,400000.0
63835425,400000.0
145656393,400000.0
29459907,400000.0
70341359,400000.0
185217435,400000.0
29438720,400000.0
70352465,400000.0
145655881,400000.0
58265966,400000.0
63835398,400000.0
29396970,400000.0
29438718,400000.0
2132333345,400000.0
29376465,400000.0
29358978,400000.0
89028960,400000.0
250180857,400000.0
89551997,400000.0
29353978,400000.0
29375964,400000.0
116080928,400000.0
2087922352,400000.0
29366834,400000.0
29465145,400000.0
80090962,400000.0
120896203,400000.0
70338381,400000.0
185217426,400000.0
249710345,400000.0
29459881,400000.0
83814445,400000.0
29396959,400000.0
29353975,400000.0
96636926,400000.0
29375962,400000.0
243333921,400000.0
29351469,400000.0
145658835,400000.0
70341334,400000.0
29377461,400000.0
145658832,400000.0
145657822,400000.0
64918941,400000.0
90240442,400000.0
89553418,400000.0
144334371,400000.0
70338371,400000.0
83821443,400000.0
29578456,400000.0
58298457,400000.0
251036682,400000.0
124842807,400000.0
248957890,400000.0
83814922,400000.0
29341434,400000.0
29368693,400000.0
79981862,400000.0
83827917,400000.0
58298454,400000.0
145656290,400000.0
83819673,400000.0
249912949,400000.0
29368659,400000.0
58298947,400000.0
58265948,400000.0
58297915,400000.0
29341415,400000.0
80093390,400000.0
70330432,400000.0
121719897,400000.0
29368642,400000.0
70352485,400000.0
83124879,400000.0
70336928,400000.0
88014884,400000.0
29342428,400000.0
29343407,400000.0
88013884,400000.0
29368633,400000.0
29374944,400000.0
83124877,400000.0
58298435,400000.0
29368631,400000.0
111373376,400000.0
145656010,400000.0
29351434,400000.0
29374438,400000.0
70331933,400000.0
80104872,400000.0
144176918,400000.0
29375933,400000.0
29357371,400000.0
29344897,400000.0
70336913,400000.0
120898908,400000.0
80104386,400000.0
29357366,400000.0
29363429,400000.0
83815356,400000.0
58298927,400000.0
29396879,400000.0
29368531,400000.0
70352403,400000.0
80104481,400000.0
29341389,400000.0
29395366,400000.0
251034742,400000.0
89550899,400000.0
249891240,400000.0
251030552,400000.0
29374422,400000.0
83818357,400000.0
29462725,400000.0
29340878,400000.0
70352399,400000.0
29372422,400000.0
29368517,400000.0
83823333,400000.0
70335832,400000.0
70348219,400000.0
88023921,400000.0
251033728,400000.0
202190487,400000.0
29346897,400000.0
29340866,400000.0
64543920,400000.0
202152984,400000.0
251030534,400000.0
29351415,400000.0
83828324,400000.0
70348860,400000.0
249878946,400000.0
70992322,400000.0
145655717,400000.0
29360913,400000.0
64696895,400000.0
84138980,400000.0
29363410,400000.0
2099325819,400000.0
29375915,400000.0
70336894,400000.0
29344851,400000.0
60138195,400000.0
83817317,400000.0
70992306,400000.0
29343832,400000.0
29395310,400000.0
58298400,400000.0
29375910,400000.0
145658177,400000.0
29344833,400000.0
58300408,400000.0
29361809,400000.0
64744302,400000.0
202161475,400000.0
80102437,400000.0
120896822,400000.0
60136380,400000.0
111370793,400000.0
29372402,400000.0
116080293,400000.0
70345672,400000.0
29353999,400000.0
145655653,400000.0
83830871,400000.0
241933147,400000.0
120896481,400000.0
88027789,400000.0
243293463,400000.0
70333788,400000.0
29351383,400000.0
111968786,400000.0
70323862,400000.0
2094867139,400000.0
29370396,400000.0
83822780,400000.0
121656881,400000.0
251034137,400000.0
114157955,400000.0
29351880,400000.0
70992278,400000.0
29374395,400000.0
29353878,400000.0
125090634,400000.0
70345600,400000.0
70992273,400000.0
114156945,400000.0
125739266,400000.0
29351873,400000.0
64658848,400000.0
185217270,400000.0
29353871,400000.0
89547757,400000.0
88021769,400000.0
29336264,400000.0
29395261,400000.0
241930760,400000.0
29470395,400000.0
29342345,400000.0
88027768,400000.0
29353869,400000.0
29470392,400000.0
111372751,400000.0
29351365,400000.0
29374385,400000.0
2079962106,400000.0
145653363,400000.0
114156943,400000.0
29375883,400000.0
241937749,400000.0
64916752,400000.0
29359361,400000.0
89552498,400000.0
83123860,400000.0
89548938,400000.0
241937747,400000.0
29351860,400000.0
111371244,400000.0
83828738,400000.0
29336834,400000.0
89661246,400000.0
251032231,400000.0
29375880,400000.0
29395244,400000.0
70352245,400000.0
58298858,400000.0
64434238,400000.0
145655592,400000.0
83124833,400000.0
2084748878,400000.0
29363350,400000.0
64632734,400000.0
89825703,400000.0
29363349,400000.0
29344738,400000.0
88020731,400000.0
70352237,400000.0
70352232,400000.0
111965924,400000.0
29554229,400000.0
70341866,400000.0
29376374,400000.0
243336223,400000.0
64425728,400000.0
114406373,400000.0
29336824,400000.0
111372213,400000.0
58300371,400000.0
29363331,400000.0
70345852,400000.0
29342225,400000.0
64698200,400000.0
83817227,400000.0
70342345,400000.0
111965420,400000.0
80101727,400000.0
29336820,400000.0
29342221,400000.0
58298822,400000.0
83829692,400000.0
2088160918,400000.0
29343473,400000.0
29368367,400000.0
29355996,400000.0
80098843,400000.0
29351820,400000.0
29343816,400000.0
89550915,400000.0
29374365,400000.0
249913071,400000.0
29370363,400000.0
29470332,400000.0
29342206,400000.0
29343813,400000.0
2102202682,400000.0
63834696,400000.0
120088690,400000.0
122188902,400000.0
60138180,400000.0
241933065,400000.0
29344687,400000.0
63351795,400000.0
122577183,400000.0
2089988805,400000.0
121724673,400000.0
89549186,400000.0
29342183,400000.0
29372855,400000.0
303840391,400000.0
145658850,400000.0
60135161,400000.0
64601258,400000.0
119621889,400000.0
2089111155,400000.0
80077386,400000.0
29363287,400000.0
63834666,400000.0
88021164,400000.0
70326632,400000.0
58300345,400000.0
121657157,400000.0
243292382,400000.0
83818169,400000.0
241931382,400000.0
80105149,400000.0
251035046,400000.0
29363276,400000.0
89658646,400000.0
83830146,400000.0
29351768,400000.0
70352657,400000.0
29375843,400000.0
29390614,400000.0
83817288,400000.0
96632633,400000.0
29344625,400000.0
29375841,400000.0
29363263,400000.0
29374341,400000.0
70348711,400000.0
70344611,400000.0
83821607,400000.0
58298762,400000.0
145655490,400000.0
145658599,400000.0
241931375,400000.0
111373603,400000.0
29370338,400000.0
121722127,400000.0
58300337,400000.0
29346603,400000.0
88016124,400000.0
83819142,400000.0
124838251,400000.0
145656025,400000.0
70344584,400000.0
70352630,400000.0
83813088,400000.0
145657523,400000.0
88022108,400000.0
29350246,400000.0
29346771,400000.0
125903592,400000.0
70352622,400000.0
29377332,400000.0
29356245,400000.0
241933019,400000.0
64872828,400000.0
80092865,400000.0
2080873074,400000.0
29350245,400000.0
124720518,400000.0
70344565,400000.0
29372826,400000.0
80075865,400000.0
29345264,400000.0
29347495,400000.0
83821258,400000.0
29372821,400000.0
29361232,400000.0
2142506230,400000.0
80093540,400000.0
63838089,400000.0
29375817,400000.0
64884229,400000.0
2083758560,400000.0
83815079,400000.0
119897068,400000.0
29370316,400000.0
79977079,400000.0
241931617,400000.0
70356027,400000.0
67011042,400000.0
2146313225,400000.0
80098038,400000.0
70356026,400000.0
29343573,400000.0
241933009,400000.0
29346570,400000.0
120898730,400000.0
80102333,400000.0
111972040,400000.0
89410351,400000.0
124838217,400000.0
88016036,400000.0
145656041,400000.0
2090493348,400000.0
70342041,400000.0
80104224,400000.0
70326521,400000.0
29356708,400000.0
29344967,400000.0
70326518,400000.0
63838037,400000.0
2090915506,400000.0
29375811,400000.0
29345221,400000.0
70344008,400000.0
116081028,400000.0
63838036,400000.0
83832020,400000.0
89545601,400000.0
29356195,400000.0
29361193,400000.0
63838016,400000.0
29343547,400000.0
2081332192,400000.0
29364192,400000.0
29343536,400000.0
29359191,400000.0
83814085,400000.0
125822584,400000.0
29346525,400000.0
70352584,400000.0
29346698,400000.0
84077570,400000.0
2081425326,400000.0
121724693,400000.0
29356684,400000.0
29361183,400000.0
80075314,400000.0
119623313,400000.0
83124053,400000.0
29364181,400000.0
125902464,400000.0
89552052,400000.0
29356181,400000.0
83831547,400000.0
29374792,400000.0
83813546,400000.0
29373946,400000.0
29334684,400000.0
29356679,400000.0
121654678,400000.0
29372784,400000.0
29356174,400000.0
29368284,400000.0
122187305,400000.0
89552179,400000.0
121658305,400000.0
29361172,400000.0
124839493,400000.0
29339678,400000.0
121654993,400000.0
29356667,400000.0
116081009,400000.0
80094033,400000.0
111964492,400000.0
29359165,400000.0
111373532,400000.0
114311675,400000.0
67011002,400000.0
94642011,400000.0
79980508,400000.0
83813002,400000.0
125232273,400000.0
250400266,400000.0
80077765,400000.0
96607764,400000.0
28594264,400000.0
28593762,400000.0
28594254,400000.0
28601247,400000.0
303836218,400000.0
202168738,400000.0
28594229,400000.0
96553225,400000.0
202137219,400000.0
202168702,400000.0
122519698,400000.0
243292690,400000.0
119622189,400000.0
69684177,400000.0
111965163,400000.0
80084657,400000.0
122188653,400000.0
28596646,400000.0
80079643,400000.0
96612642,400000.0
89551642,400000.0
80078641,400000.0
125090140,400000.0
28596638,400000.0
121655636,400000.0
28596635,400000.0
124904127,400000.0
303836624,400000.0
243292622,400000.0
125287607,400000.0
28593605,400000.0
125325601,400000.0
80083596,400000.0
202161593,400000.0
28596593,400000.0
2103787580,400000.0
28596579,400000.0
119623573,400000.0
119615094,400000.0
80080552,400000.0
243293049,400000.0
119628040,400000.0
202189534,400000.0
251028527,400000.0
121656522,400000.0
80078505,400000.0
80077001,400000.0
119620000,400000.0
29347494,400000.0
29362426,400000.0
29359140,400000.0
29364412,400000.0
64707408,400000.0
29359126,400000.0
29359120,400000.0
29364403,400000.0
29361113,400000.0
29361110,400000.0
58299884,400000.0
29363471,400000.0
58299379,400000.0
124844101,400000.0
29361072,400000.0
58299795,400000.0
29361057,400000.0
58299769,400000.0
29361054,400000.0
29356052,400000.0
29354046,400000.0
29361043,400000.0
29363209,400000.0
29361042,400000.0
29354034,400000.0
58299145,400000.0
29364128,400000.0
58299111,400000.0
29365100,400000.0
29356267,400000.0
29359026,400000.0
58299099,400000.0
29339675,400000.0
29364099,400000.0
29354129,400000.0
29356021,400000.0
70352171,400000.0
29364095,400000.0
29348669,400000.0
29362446,400000.0
125738080,400000.0
29362511,400000.0
29338330,400000.0
29363061,400000.0
29356008,400000.0
29364056,400000.0
29362505,400000.0
29362503,400000.0
29363046,400000.0
70352402,400000.0
241934209,400000.0
29433447,400000.0
29433445,400000.0
58303941,400000.0
29433935,400000.0
29432927,400000.0
29437423,400000.0
29433920,400000.0
29437495,400000.0
29377277,400000.0
58303909,400000.0
58304464,400000.0
89651984,400000.0
145653463,400000.0
89553459,400000.0
122187492,400000.0
114156986,400000.0
243293485,400000.0
69692482,400000.0
89404968,400000.0
119626950,400000.0
2080103292,400000.0
305426039,400000.0
55299484,400000.0
80090939,400000.0
145657972,400000.0
70345968,400000.0
80089449,400000.0
80097843,400000.0
29477948,400000.0
70327942,400000.0
70327940,400000.0
80106527,400000.0
70342518,400000.0
70346010,400000.0
70342504,400000.0
64798000,400000.0
63228495,400000.0
58311495,400000.0
70343468,400000.0
63830943,400000.0
63838941,400000.0
2081723485,400000.0
29470485,400000.0
70343439,400000.0
29508937,400000.0
241930984,400000.0
63838936,400000.0
305428406,400000.0
70343405,400000.0
29469971,400000.0
29508401,400000.0
64776964,400000.0
63421399,400000.0
70335864,400000.0
62576834,400000.0
89548426,400000.0
70335919,400000.0
29505415,400000.0
29508774,400000.0
83813410,400000.0
144393954,400000.0
58311879,400000.0
63228681,400000.0
63300664,400000.0
58311854,400000.0
58311846,400000.0
80107649,400000.0
70335147,400000.0
63228637,400000.0
29508626,400000.0
63398119,400000.0
29508611,400000.0
29512101,400000.0
70343599,400000.0
64429803,400000.0
70343593,400000.0
62608294,400000.0
29469794,400000.0
70343569,400000.0
70343566,400000.0
58311782,400000.0
70343545,400000.0
119624975,400000.0
70343531,400000.0
70343521,400000.0
241930770,400000.0
83833496,400000.0
120898415,400000.0
251035386,400000.0
110539881,400000.0
29515005,400000.0
70342449,400000.0
58299487,400000.0
241933346,400000.0
58317846,400000.0
249889748,400000.0
241933341,400000.0
80094839,400000.0
70342410,400000.0
60136474,400000.0
83821414,400000.0
29361380,400000.0
64710470,400000.0
70342398,400000.0
145657223,400000.0
250997722,400000.0
29361348,400000.0
29469720,400000.0
70342475,400000.0
29515814,400000.0
305427312,400000.0
58311715,400000.0
83821378,400000.0
29361494,400000.0
29361427,400000.0
29469712,400000.0
29361425,400000.0
70342374,400000.0
29361291,400000.0
70342204,400000.0
29361283,400000.0
70342337,400000.0
2077633278,400000.0
2079799776,400000.0
64526197,400000.0
58299492,400000.0
251033270,400000.0
83819147,400000.0
29361391,400000.0
60134388,400000.0
70342314,400000.0
2084046683,400000.0
58187129,400000.0
94641625,400000.0
29469676,400000.0
64518113,400000.0
70342291,400000.0
110537564,400000.0
64534498,400000.0
70343741,400000.0
70337497,400000.0
29359786,400000.0
29469661,400000.0
29359997,400000.0
70342279,400000.0
125803739,400000.0
29359777,400000.0
125903238,400000.0
70342160,400000.0
29361726,400000.0
121657257,400000.0
70342152,400000.0
83813650,400000.0
80096228,400000.0
120897238,400000.0
29361706,400000.0
29356986,400000.0
2078760419,400000.0
29351913,400000.0
29478195,400000.0
29323569,400000.0
202189907,400000.0
125174373,400000.0
80106791,400000.0
83814788,400000.0
69701268,400000.0
83815258,400000.0
119626335,400000.0
70346237,400000.0
202137334,400000.0
250400331,400000.0
70346228,400000.0
111966330,400000.0
70327936,400000.0
29334646,400000.0
79980145,400000.0
29339640,400000.0
29372265,400000.0
29343635,400000.0
79980130,400000.0
29334630,400000.0
29370742,400000.0
29339628,400000.0
29345301,400000.0
64582122,400000.0
29345117,400000.0
29372716,400000.0
29372714,400000.0
58300210,400000.0
58298112,400000.0
70336956,400000.0
80108609,400000.0
29334609,400000.0
64544202,400000.0
29343606,400000.0
58300191,400000.0
29339606,400000.0
29374191,400000.0
29374688,400000.0
29341600,400000.0
29372688,400000.0
29343595,400000.0
2086105684,400000.0
64616594,400000.0
29348593,400000.0
125114086,400000.0
29376177,400000.0
29374176,400000.0
29334581,400000.0
70337673,400000.0
29339580,400000.0
64802671,400000.0
29341578,400000.0
29372671,400000.0
29334578,400000.0
64541665,400000.0
29372165,400000.0
29334572,400000.0
119616658,400000.0
69815952,400000.0
29372154,400000.0
29334568,400000.0
125891561,400000.0
29376147,400000.0
29376640,400000.0
29334560,400000.0
83815553,400000.0
29372637,400000.0
58187135,400000.0
29374332,400000.0
29376632,400000.0
120896542,400000.0
29376129,400000.0
29348533,400000.0
29377625,400000.0
64510024,400000.0
29376112,400000.0
29373109,400000.0
70330509,400000.0
2091268106,400000.0
29374604,400000.0
29374103,400000.0
29372153,400000.0
29376600,400000.0
29376592,400000.0
29377587,400000.0
29567577,400000.0
29336706,400000.0
2119482073,400000.0
29373073,400000.0
29374572,400000.0
29370572,400000.0
110539069,400000.0
29370568,400000.0
29376062,400000.0
119619056,400000.0
29373053,400000.0
29376548,400000.0
29549542,400000.0
70332037,400000.0
29374537,400000.0
29376534,400000.0
64733030,400000.0
29374028,400000.0
29372528,400000.0
29374521,400000.0
29376515,400000.0
29375015,400000.0
29372514,400000.0
29372511,400000.0
64477507,400000.0
29374001,400000.0
2089944878,400000.0
29353458,400000.0
29356457,400000.0
58303893,400000.0
29356496,400000.0
29432896,400000.0
29356451,400000.0
58299448,400000.0
29356445,400000.0
29437375,400000.0
29437367,400000.0
29437366,400000.0
64603928,400000.0
29349426,400000.0
29437214,400000.0
58303994,400000.0
58299713,400000.0
29435845,400000.0
58299711,400000.0
29437211,400000.0
29353495,400000.0
58299679,400000.0
58303827,400000.0
241929891,400000.0
29353390,400000.0
111972888,400000.0
29435808,400000.0
58304804,400000.0
29432295,400000.0
29349467,400000.0
29438124,400000.0
29356377,400000.0
29351376,400000.0
29349375,400000.0
29438086,400000.0
29353860,400000.0
29432262,400000.0
58299082,400000.0
29432259,400000.0
29353853,400000.0
58299072,400000.0
29438047,400000.0
29434250,400000.0
58299543,400000.0
29434244,400000.0
58299025,400000.0
29353323,400000.0
29434234,400000.0
29349817,400000.0
29353312,400000.0
29355809,400000.0
29358805,400000.0
29433990,400000.0
58304177,400000.0
29349775,400000.0
29351270,400000.0
29433674,400000.0
58304166,400000.0
119630659,400000.0
29349760,400000.0
29432143,400000.0
58304141,400000.0
29431141,400000.0
29351257,400000.0
145656127,400000.0
58311623,400000.0
29437484,400000.0
241930622,400000.0
29350239,400000.0
89546621,400000.0
58304058,400000.0
29351216,400000.0
29351713,400000.0
70343701,400000.0
80096167,400000.0
29353202,400000.0
64703147,400000.0
58311604,400000.0
29355782,400000.0
29353208,400000.0
29353685,400000.0
29350173,400000.0
29433516,400000.0
29435012,400000.0
29351631,400000.0
29433002,400000.0
29350126,400000.0
29353117,400000.0
29351613,400000.0
29350108,400000.0
29355602,400000.0
29353596,400000.0
29355567,400000.0
29355560,400000.0
29353552,400000.0
29353539,400000.0
29350038,400000.0
70330535,400000.0
70330533,400000.0
29350033,400000.0
70330527,400000.0
29358508,400000.0
29358504,400000.0
29356501,400000.0
29422472,400000.0
58303413,400000.0
58303408,400000.0
119617902,400000.0
58303400,400000.0
120895895,400000.0
58302893,400000.0
125090887,400000.0
58304386,400000.0
58303877,400000.0
58302866,400000.0
29434344,400000.0
29425965,400000.0
29425462,400000.0
29434336,400000.0
29422959,400000.0
29429973,400000.0
58304829,400000.0
29424968,400000.0
58304824,400000.0
58304324,400000.0
29429964,400000.0
249890942,400000.0
83819309,400000.0
29428939,400000.0
29429958,400000.0
58304304,400000.0
29432457,400000.0
29423934,400000.0
29422931,400000.0
29431455,400000.0
58304707,400000.0
58303289,400000.0
29422924,400000.0
58303288,400000.0
29431921,400000.0
29425412,400000.0
29429951,400000.0
58303279,400000.0
250997411,400000.0
29430411,400000.0
64559773,400000.0
58303253,400000.0
29429407,400000.0
58304247,400000.0
29424939,400000.0
29431436,400000.0
29425897,400000.0
29424936,400000.0
58304231,400000.0
58303225,400000.0
29426935,400000.0
58303222,400000.0
29424934,400000.0
29429393,400000.0
29432429,400000.0
29425387,400000.0
29426927,400000.0
29427982,400000.0
29431884,400000.0
29431878,400000.0
29429375,400000.0
29429373,400000.0
29438691,400000.0
29438669,400000.0
29425834,400000.0
58302318,400000.0
29429315,400000.0
58304641,400000.0
29425812,400000.0
119617135,400000.0
29437634,400000.0
29431801,400000.0
120897109,400000.0
58302605,400000.0
29425792,400000.0
58302601,400000.0
58304599,400000.0
29428484,400000.0
29424901,400000.0
29429277,400000.0
58302276,400000.0
29436582,400000.0
29436581,400000.0
29424920,400000.0
58303071,400000.0
29425770,400000.0
58304565,400000.0
29432412,400000.0
29431412,400000.0
29422407,400000.0
120899544,400000.0
29431735,400000.0
29431731,400000.0
29430230,400000.0
29431403,400000.0
29433226,400000.0
58304536,400000.0
29422401,400000.0
29428899,400000.0
29432398,400000.0
29421398,400000.0
241930219,400000.0
29424894,400000.0
58304525,400000.0
58302525,400000.0
58304522,400000.0
29421712,400000.0
29429210,400000.0
29424205,400000.0
58302702,400000.0
58302511,400000.0
29423488,400000.0
58304510,400000.0
29429186,400000.0
29424882,400000.0
29425683,400000.0
29430170,400000.0
29424877,400000.0
29425374,400000.0
29429168,400000.0
29426873,400000.0
29424155,400000.0
2132020369,400000.0
29431368,400000.0
29426865,400000.0
29425642,400000.0
29428859,400000.0
29423356,400000.0
29429853,400000.0
29425352,400000.0
29425583,400000.0
29427076,400000.0
29427075,400000.0
29429851,400000.0
29422475,400000.0
29424059,400000.0
29429843,400000.0
29425343,400000.0
29423840,400000.0
29427337,400000.0
29427042,400000.0
29423333,400000.0
29425538,400000.0
58302536,400000.0
29423330,400000.0
29423325,400000.0
29432324,400000.0
29427322,400000.0
29425321,400000.0
29425520,400000.0
29425517,400000.0
29425317,400000.0
29428813,400000.0
29431311,400000.0
29426781,400000.0
29428765,400000.0
29428748,400000.0
29420734,400000.0
29420733,400000.0
29425216,400000.0
29422692,400000.0
29422679,400000.0
29422678,400000.0
29431175,400000.0
29420664,400000.0
29432161,400000.0
29432158,400000.0
29422648,400000.0
29431147,400000.0
29425147,400000.0
29423645,400000.0
29423639,400000.0
29427638,400000.0
29423638,400000.0
29422638,400000.0
29420632,400000.0
29423630,400000.0
29420629,400000.0
29423627,400000.0
29427626,400000.0
29430107,400000.0
29426606,400000.0
29422604,400000.0
29430103,400000.0
29431097,400000.0
29422597,400000.0
29420595,400000.0
29425091,400000.0
29427582,400000.0
29431077,400000.0
29430075,400000.0
29421571,400000.0
29431058,400000.0
29432554,400000.0
29431054,400000.0
29425050,400000.0
29430047,400000.0
29430045,400000.0
29423542,400000.0
29425036,400000.0
29430033,400000.0
29428533,400000.0
29432526,400000.0
29421523,400000.0
29431518,400000.0
29425016,400000.0
29422509,400000.0
29425008,400000.0
29422508,400000.0
121722485,400000.0
29586909,400000.0
121721381,400000.0
96639366,400000.0
29575497,400000.0
29376983,400000.0
29375483,400000.0
29364997,400000.0
29595455,400000.0
29445947,400000.0
29369490,400000.0
29371988,400000.0
29443991,400000.0
29443988,400000.0
29376925,400000.0
29377922,400000.0
29364971,400000.0
29575418,400000.0
29443963,400000.0
29369465,400000.0
29443959,400000.0
29443954,400000.0
29364955,400000.0
58306947,400000.0
29575362,400000.0
29438446,400000.0
29371443,400000.0
29445935,400000.0
29447312,400000.0
29369439,400000.0
29445923,400000.0
58305919,400000.0
29574768,400000.0
29366432,400000.0
29445910,400000.0
29591714,400000.0
29373711,400000.0
29366421,400000.0
29366416,400000.0
29371915,400000.0
29371913,400000.0
29439384,400000.0
29366410,400000.0
29371376,400000.0
29367908,400000.0
29438363,400000.0
29591661,400000.0
29442352,400000.0
29367900,400000.0
29373893,400000.0
58305829,400000.0
29442328,400000.0
29366391,400000.0
29442319,400000.0
29438312,400000.0
58305078,400000.0
29598597,400000.0
29442293,400000.0
29366375,400000.0
29439292,400000.0
29439279,400000.0
29369860,400000.0
29446049,400000.0
29454496,400000.0
29453994,400000.0
29369853,400000.0
29377041,400000.0
29369846,400000.0
29450984,400000.0
29446033,400000.0
29444239,400000.0
29369239,400000.0
29447481,400000.0
114406737,400000.0
29443472,400000.0
58307452,400000.0
29445451,400000.0
64842439,400000.0
29443438,400000.0
29445437,400000.0
241931284,400000.0
145657715,400000.0
119619183,400000.0
119615099,400000.0
145653061,400000.0
29500430,400000.0
79982258,400000.0
29465449,400000.0
29464107,400000.0
145652938,400000.0
29462372,400000.0
29463901,400000.0
79980893,400000.0
29463390,400000.0
29464883,400000.0
145658378,400000.0
29464875,400000.0
241937873,400000.0
145656366,400000.0
29463362,400000.0
29464861,400000.0
29461861,400000.0
80105359,400000.0
79982357,400000.0
63228475,400000.0
251030914,400000.0
29462974,400000.0
70345786,400000.0
29463283,400000.0
29463281,400000.0
79982271,400000.0
29462269,400000.0
80107767,400000.0
70345767,400000.0
29463468,400000.0
29462259,400000.0
120895255,400000.0
70345750,400000.0
145657748,400000.0
79977244,400000.0
70345734,400000.0
124845231,400000.0
29462227,400000.0
29463222,400000.0
62607221,400000.0
80092714,400000.0
29463188,400000.0
83813174,400000.0
80086671,400000.0
119619664,400000.0
29463159,400000.0
305425655,400000.0
80098151,400000.0
145655642,400000.0
80088612,400000.0
64578606,400000.0
2078792099,400000.0
251031858,400000.0
80090593,400000.0
305433080,400000.0
80107076,400000.0
29464076,400000.0
29465457,400000.0
80108056,400000.0
2091380537,400000.0
29462023,400000.0
29463454,400000.0
69809017,400000.0
29463927,400000.0
29411939,400000.0
29420936,400000.0
69692496,400000.0
29412925,400000.0
29413918,400000.0
29421905,400000.0
2085513810,400000.0
29421886,400000.0
70326882,400000.0
2084292310,400000.0
70326997,400000.0
29413905,400000.0
145654878,400000.0
125914877,400000.0
119623485,400000.0
89404788,400000.0
119624286,400000.0
29421857,400000.0
29421851,400000.0
58301473,400000.0
58301471,400000.0
29415848,400000.0
122141766,400000.0
122188764,400000.0
29421968,400000.0
58301459,400000.0
29421958,400000.0
29404825,400000.0
29404820,400000.0
114156721,400000.0
111371313,400000.0
89414708,400000.0
121658798,400000.0
89413692,400000.0
250400686,400000.0
250400685,400000.0
29408794,400000.0
119627177,400000.0
121651444,400000.0
67388669,400000.0
29402781,400000.0
145655272,400000.0
29410264,400000.0
29410262,400000.0
70334261,400000.0
29410261,400000.0
67388638,400000.0
303836135,400000.0
243293133,400000.0
119632258,400000.0
243294104,400000.0
250400089,400000.0
29415731,400000.0
119557562,400000.0
80080048,400000.0
202136952,400000.0
70334226,400000.0
299721537,400000.0
80082032,400000.0
29415726,400000.0
111373221,400000.0
299721525,400000.0
202137524,400000.0
84131014,400000.0
70334203,400000.0
125230511,400000.0
125254009,400000.0
111371700,400000.0
70334200,400000.0
121656199,400000.0
84076987,400000.0
29402694,400000.0
67384481,400000.0
70334193,400000.0
28587981,400000.0
96563965,400000.0
111372174,400000.0
58301671,400000.0
111372667,400000.0
96554925,400000.0
119618672,400000.0
64879918,400000.0
29415660,400000.0
122517414,400000.0
111373658,400000.0
28587911,400000.0
29415648,400000.0
29415642,400000.0
29404642,400000.0
2077895889,400000.0
29404641,400000.0
122187375,400000.0
121655622,400000.0
202140864,400000.0
29407619,400000.0
28601857,400000.0
28601848,400000.0
96565341,400000.0
84136841,400000.0
121658104,400000.0
55299840,400000.0
202137298,400000.0
84134291,400000.0
119629281,400000.0
29404579,400000.0
2093866778,400000.0
29401078,400000.0
121657577,400000.0
29404566,400000.0
121657064,400000.0
67386272,400000.0
28595764,400000.0
29404553,400000.0
121654549,400000.0
29404549,400000.0
28595753,400000.0
250400244,400000.0
28595737,400000.0
29404543,400000.0
89412227,400000.0
2090973710,400000.0
122187710,400000.0
80074704,400000.0
80083187,400000.0
111965182,400000.0
80076677,400000.0
67389655,400000.0
119622151,400000.0
28601137,400000.0
67389636,400000.0
125256633,400000.0
67389616,400000.0
67388616,400000.0
28595615,400000.0
84138104,400000.0
29489089,400000.0
96603076,400000.0
67388575,400000.0
84076564,400000.0
67388560,400000.0
28602057,400000.0
29489111,400000.0
28595540,400000.0
28602032,400000.0
84075031,400000.0
28595531,400000.0
28602027,400000.0
243292018,400000.0
28602016,400000.0
202157510,400000.0
202157509,400000.0
80075005,400000.0
29488973,400000.0
64657976,400000.0
29513495,400000.0
64681491,400000.0
29515488,400000.0
29485430,400000.0
70346215,400000.0
70345998,400000.0
70327932,400000.0
70346210,400000.0
70346194,400000.0
80096421,400000.0
79980998,400000.0
70336921,400000.0
70346166,400000.0
64621918,400000.0
119631155,400000.0
29475910,400000.0
70346267,400000.0
70346145,400000.0
29477905,400000.0
70343141,400000.0
70327902,400000.0
79981094,400000.0
79981093,400000.0
70335083,400000.0
79981073,400000.0
29328883,400000.0
29477381,400000.0
80108067,400000.0
2084004377,400000.0
29477371,400000.0
70343054,400000.0
70327870,400000.0
70343041,400000.0
29512032,400000.0
79981030,400000.0
29477859,400000.0
80096521,400000.0
70343011,400000.0
64849851,400000.0
79981002,400000.0
29331364,400000.0
29496988,400000.0
120897951,400000.0
29502950,400000.0
69809347,400000.0
29477847,400000.0
79980448,400000.0
83832843,400000.0
83818928,400000.0
29502924,400000.0
121656412,400000.0
29328841,400000.0
29481892,400000.0
29475835,400000.0
64470382,400000.0
60134331,400000.0
29331326,400000.0
120895855,400000.0
64776821,400000.0
96611355,400000.0
70327819,400000.0
29331319,400000.0
114405315,400000.0
2086949813,400000.0
29484815,400000.0
83820308,400000.0
29484794,400000.0
29492337,400000.0
83819225,400000.0
115566795,400000.0
29477993,400000.0
29477789,400000.0
70331788,400000.0
70331787,400000.0
83830643,400000.0
70330286,400000.0
69809091,400000.0
70346089,400000.0
29331278,400000.0
120896080,400000.0
29487579,400000.0
70346067,400000.0
29331272,400000.0
70346044,400000.0
70331769,400000.0
119980038,400000.0
29477268,400000.0
70346036,400000.0
83832035,400000.0
70346020,400000.0
70328016,400000.0
62608007,400000.0
29477753,400000.0
70356747,400000.0
29511473,400000.0
2091232469,400000.0
64619453,400000.0
29511438,400000.0
29511421,400000.0
60138918,400000.0
64490347,400000.0
29511342,400000.0
70332810,400000.0
29510310,400000.0
64836308,400000.0
70332807,400000.0
29509804,400000.0
70332792,400000.0
29509752,400000.0
29510228,400000.0
83126488,400000.0
119625975,400000.0
29509961,400000.0
64494977,400000.0
29513925,400000.0
29501557,400000.0
29513924,400000.0
60138974,400000.0
29513922,400000.0
29504483,400000.0
29493929,400000.0
89549849,400000.0
29493906,400000.0
29509932,400000.0
29498280,400000.0
29514402,400000.0
29514453,400000.0
89546266,400000.0
29509928,400000.0
89548952,400000.0
29498260,400000.0
119617920,400000.0
29512899,400000.0
29498247,400000.0
29506958,400000.0
29514496,400000.0
29498195,400000.0
29495828,400000.0
29509904,400000.0
29498662,400000.0
29501452,400000.0
29495826,400000.0
29501449,400000.0
29514379,400000.0
89552394,400000.0
89546561,400000.0
114405946,400000.0
29493821,400000.0
29509893,400000.0
29498999,400000.0
29498998,400000.0
29507438,400000.0
29512858,400000.0
29506996,400000.0
29514351,400000.0
29498996,400000.0
29504425,400000.0
64727656,400000.0
70335431,400000.0
29495311,400000.0
29495804,400000.0
29510142,400000.0
58317348,400000.0
29504419,400000.0
29511986,400000.0
29515483,400000.0
80089495,400000.0
29505988,400000.0
70348995,400000.0
29488917,400000.0
64913947,400000.0
80108483,400000.0
64470445,400000.0
29506494,400000.0
58314907,400000.0
29505965,400000.0
58314905,400000.0
29511970,400000.0
145656490,400000.0
29486401,400000.0
29508489,400000.0
80101954,400000.0
29503445,400000.0
58314897,400000.0
119623481,400000.0
29508481,400000.0
29510979,400000.0
29483341,400000.0
83812978,400000.0
145657976,400000.0
29510447,400000.0
83813946,400000.0
2100731975,400000.0
29506415,400000.0
29506413,400000.0
29513438,400000.0
80089912,400000.0
119622968,400000.0
29511924,400000.0
2089972964,400000.0
58314756,400000.0
29515423,400000.0
58316405,400000.0
29511919,400000.0
29501404,400000.0
64772319,400000.0
29497403,400000.0
29498897,400000.0
58314710,400000.0
29515409,400000.0
70343806,400000.0
29486204,400000.0
112087905,400000.0
29331242,400000.0
70331730,400000.0
60136229,400000.0
29327226,400000.0
145656218,400000.0
29475696,400000.0
29477689,400000.0
29477688,400000.0
80102679,400000.0
60134332,400000.0
144358169,400000.0
29333157,400000.0
94642650,400000.0
29477646,400000.0
29477645,400000.0
29333144,400000.0
2124742113,400000.0
70352105,400000.0
64585089,400000.0
70352088,400000.0
80091587,400000.0
29333086,400000.0
83816567,400000.0
29477560,400000.0
29476057,400000.0
70342553,400000.0
29476053,400000.0
83825552,400000.0
29323549,400000.0
29478038,400000.0
29481963,400000.0
2078257995,400000.0
29480438,400000.0
29478437,400000.0
29482429,400000.0
29487995,400000.0
29487918,400000.0
29482397,400000.0
29478388,400000.0
29476388,400000.0
29484883,400000.0
29479778,400000.0
29485759,400000.0
29478371,400000.0
64759870,400000.0
29479870,400000.0
2077545863,400000.0
29480357,400000.0
29492463,400000.0
29492446,400000.0
29499960,400000.0
2097644454,400000.0
29467443,400000.0
241933942,400000.0
29499921,400000.0
29467920,400000.0
29499904,400000.0
29467901,400000.0
29492423,400000.0
29467896,400000.0
29489420,400000.0
29492452,400000.0
124836382,400000.0
29467381,400000.0
29494380,400000.0
29467379,400000.0
29467877,400000.0
29466872,400000.0
29466866,400000.0
29489410,400000.0
29494409,400000.0
119624353,400000.0
29492368,400000.0
29492364,400000.0
29468322,400000.0
29467808,400000.0
29502288,400000.0
29502260,400000.0
29467758,400000.0
29487737,400000.0
29487730,400000.0
29467740,400000.0
80098159,400000.0
29359668,400000.0
80090609,400000.0
120898697,400000.0
70343696,400000.0
70343689,400000.0
83833071,400000.0
64816978,400000.0
29515684,400000.0
111373552,400000.0
70343674,400000.0
29361594,400000.0
111372001,400000.0
29361573,400000.0
29363571,400000.0
111371162,400000.0
83817463,400000.0
83830459,400000.0
83825957,400000.0
29361560,400000.0
29359558,400000.0
29356951,400000.0
125902635,400000.0
70337447,400000.0
29363550,400000.0
70337446,400000.0
64841043,400000.0
69815944,400000.0
29356944,400000.0
111371128,400000.0
29359530,400000.0
29356943,400000.0
29359527,400000.0
80091939,400000.0
124841991,400000.0
2079821938,400000.0
83813507,400000.0
29515624,400000.0
83825933,400000.0
83816931,400000.0
241939114,400000.0
29359930,400000.0
2081831111,400000.0
29515109,400000.0
83816926,400000.0
70337426,400000.0
111373489,400000.0
63227919,400000.0
29515087,400000.0
83124910,400000.0
29515079,400000.0
29359910,400000.0
83830407,400000.0
29359907,400000.0
111373572,400000.0
83831405,400000.0
29515071,400000.0
29356901,400000.0
70337400,400000.0
70337421,400000.0
29356889,400000.0
83123884,400000.0
58317541,400000.0
29359877,400000.0
29515020,400000.0
29515019,400000.0
29359874,400000.0
64564373,400000.0
70352366,400000.0
70337363,400000.0
29359857,400000.0
29359853,400000.0
29359834,400000.0
69815832,400000.0
70352324,400000.0
29359824,400000.0
29351911,400000.0
70337321,400000.0
29359401,400000.0
54582896,400000.0
80098879,400000.0
63834812,400000.0
29356863,400000.0
64539808,400000.0
70337304,400000.0
58298344,400000.0
70337302,400000.0
29357295,400000.0
29359324,400000.0
70337293,400000.0
83825792,400000.0
29357292,400000.0
58298310,400000.0
70337289,400000.0
29359301,400000.0
70337285,400000.0
79980784,400000.0
29356781,400000.0
79980780,400000.0
79980779,400000.0
70333776,400000.0
58298267,400000.0
83826767,400000.0
89550576,400000.0
29359259,400000.0
29470074,400000.0
83826264,400000.0
29354219,400000.0
29470065,400000.0
29357260,400000.0
79980759,400000.0
29354204,400000.0
83815700,400000.0
29359747,400000.0
80104745,400000.0
29356799,400000.0
60138543,400000.0
83830235,400000.0
64488028,400000.0
29354140,400000.0
58311526,400000.0
70348227,400000.0
29348619,400000.0
29354111,400000.0
29354106,400000.0
83820717,400000.0
29354105,400000.0
60135508,400000.0
29354103,400000.0
29359712,400000.0
29354092,400000.0
29354087,400000.0
29347586,400000.0
70324116,400000.0
144185510,400000.0
29347504,400000.0
64587681,400000.0
70352680,400000.0
29359674,400000.0
29359897,400000.0
29359660,400000.0
29359659,400000.0
64508647,400000.0
29357140,400000.0
64569638,400000.0
83822134,400000.0
29357126,400000.0
83814114,400000.0
83819613,400000.0
29357098,400000.0
89547592,400000.0
79980590,400000.0
29357086,400000.0
70337583,400000.0
29359583,400000.0
70352575,400000.0
29359571,400000.0
70337559,400000.0
29357058,400000.0
96635553,400000.0
70352551,400000.0
83825050,400000.0
29357050,400000.0
29359547,400000.0
70352541,400000.0
83827539,400000.0
64803038,400000.0
83819037,400000.0
29359536,400000.0
29359522,400000.0
70337517,400000.0
29359517,400000.0
70337513,400000.0
58312474,400000.0
29328463,400000.0
29326456,400000.0
29473945,400000.0
29326938,400000.0
29326436,400000.0
29322927,400000.0
29332424,400000.0
29328422,400000.0
2089877907,400000.0
29328402,400000.0
29475396,400000.0
29472395,400000.0
79980393,400000.0
29475393,400000.0
29328497,400000.0
29328385,400000.0
29326379,400000.0
29322876,400000.0
29322874,400000.0
29326859,400000.0
29326353,400000.0
29328425,400000.0
29475338,400000.0
29475329,400000.0
29326326,400000.0
29474324,400000.0
29323318,400000.0
29474310,400000.0
29328489,400000.0
29474285,400000.0
29323283,400000.0
29326277,400000.0
29473755,400000.0
29472254,400000.0
29474249,400000.0
29472242,400000.0
29473741,400000.0
29472235,400000.0
29326224,400000.0
58297215,400000.0
29473987,400000.0
64602211,400000.0
60136208,400000.0
29326694,400000.0
29323168,400000.0
29474164,400000.0
29326155,400000.0
29326987,400000.0
29323136,400000.0
29474134,400000.0
29473980,400000.0
29323132,400000.0
2115151119,400000.0
29326613,400000.0
29475612,400000.0
2077987104,400000.0
29474099,400000.0
29326097,400000.0
29326095,400000.0
29472588,400000.0
29475581,400000.0
58312478,400000.0
29472569,400000.0
29323066,400000.0
29473978,400000.0
29474054,400000.0
58312461,400000.0
64781050,400000.0
29327033,400000.0
29474030,400000.0
29327030,400000.0
29323030,400000.0
29472517,400000.0
29327014,400000.0
29472508,400000.0
29327007,400000.0
29323001,400000.0
63838497,400000.0
29487495,400000.0
29479490,400000.0
29479485,400000.0
145655980,400000.0
29484468,400000.0
29504971,400000.0
29478962,400000.0
29491958,400000.0
29488918,400000.0
58315186,400000.0
58314683,400000.0
29486179,400000.0
29486165,400000.0
58315153,400000.0
58315150,400000.0
29480636,400000.0
29480606,400000.0
29480603,400000.0
29480600,400000.0
58314598,400000.0
29485483,400000.0
29485516,400000.0
29485510,400000.0
58314509,400000.0
29490802,400000.0
124837792,400000.0
29497958,400000.0
29495453,400000.0
29479947,400000.0
29486263,400000.0
58314945,400000.0
29495443,400000.0
29498421,400000.0
29490752,400000.0
58312497,400000.0
29486238,400000.0
29495387,400000.0
29485931,400000.0
29490224,400000.0
29504381,400000.0
29495376,400000.0
58312926,400000.0
29494213,400000.0
29479926,400000.0
29504370,400000.0
29498981,400000.0
29498362,400000.0
29482925,400000.0
29498361,400000.0
29499201,400000.0
29488860,400000.0
29495701,400000.0
29488847,400000.0
29507353,400000.0
29498699,400000.0
29479923,400000.0
29504342,400000.0
29495343,400000.0
29504335,400000.0
29507334,400000.0
29494192,400000.0
29488833,400000.0
70342954,400000.0
29490192,400000.0
29490191,400000.0
29507328,400000.0
29486188,400000.0
29504328,400000.0
29498303,400000.0
29504327,400000.0
120895408,400000.0
29503943,400000.0
58314408,400000.0
29488786,400000.0
29504319,400000.0
29493785,400000.0
29485906,400000.0
145656937,400000.0
29488756,400000.0
29507293,400000.0
58313401,400000.0
89545933,400000.0
29494153,400000.0
29495238,400000.0
29507286,400000.0
29494151,400000.0
29495230,400000.0
70342926,400000.0
58312898,400000.0
29495480,400000.0
145656764,400000.0
29485397,400000.0
29498217,400000.0
29503906,400000.0
29493715,400000.0
29495208,400000.0
29506904,400000.0
29490592,400000.0
64480977,400000.0
29504215,400000.0
29495584,400000.0
29504214,400000.0
29504210,400000.0
29495579,400000.0
29495179,400000.0
29485382,400000.0
58313880,400000.0
29479880,400000.0
29495171,400000.0
29506383,400000.0
29503916,400000.0
29488669,400000.0
29501383,400000.0
29488377,400000.0
29498168,400000.0
29498161,400000.0
70342862,400000.0
58316192,400000.0
29495673,400000.0
29485371,400000.0
29498563,400000.0
29485369,400000.0
29503852,400000.0
29503843,400000.0
29495122,400000.0
29494054,400000.0
29498119,400000.0
29501578,400000.0
29506368,400000.0
29506831,400000.0
29506827,400000.0
29501576,400000.0
29503824,400000.0
29497366,400000.0
29498541,400000.0
29507070,400000.0
125090848,400000.0
2086510811,400000.0
58313843,400000.0
29498857,400000.0
125808019,400000.0
29507040,400000.0
29485977,400000.0
108867554,400000.0
29495042,400000.0
58316352,400000.0
29501526,400000.0
29506352,400000.0
29500851,400000.0
29494978,400000.0
70342769,400000.0
29495035,400000.0
110538818,400000.0
58316350,400000.0
29498034,400000.0
29498477,400000.0
29495028,400000.0
114406311,400000.0
29485311,400000.0
29494018,400000.0
29504504,400000.0
110538810,400000.0
58312810,400000.0
29498006,400000.0
70342743,400000.0
29501341,400000.0
29485307,400000.0
58316709,400000.0
29506324,400000.0
29501447,400000.0
29505812,400000.0
58316307,400000.0
29506300,400000.0
58316297,400000.0
29500797,400000.0
29497789,400000.0
29501280,400000.0
29497778,400000.0
63838773,400000.0
29502768,400000.0
29497760,400000.0
29497260,400000.0
2098188258,400000.0
29497755,400000.0
29501250,400000.0
29497748,400000.0
29500742,400000.0
29503741,400000.0
29503737,400000.0
70343230,400000.0
2091328724,400000.0
2088818724,400000.0
70343218,400000.0
29497718,400000.0
29497213,400000.0
29497212,400000.0
70343204,400000.0
29503701,400000.0
29500700,400000.0
70343197,400000.0
58316695,400000.0
29503683,400000.0
29501220,400000.0
58316178,400000.0
29506166,400000.0
29503666,400000.0
29500648,400000.0
29503642,400000.0
58316576,400000.0
2092620063,400000.0
29497558,400000.0
29497541,400000.0
63228531,400000.0
63386511,400000.0
63722507,400000.0
29506506,400000.0
29506503,400000.0
29488470,400000.0
121657465,400000.0
29497449,400000.0
29497448,400000.0
29493446,400000.0
145551944,400000.0
29492934,400000.0
29492915,400000.0
29489898,400000.0
29497897,400000.0
125089892,400000.0
29497882,400000.0
29497907,400000.0
29493370,400000.0
29497847,400000.0
29497844,400000.0
29494835,400000.0
29497830,400000.0
29494883,400000.0
29489808,400000.0
29493307,400000.0
29494805,400000.0
29493299,400000.0
29489797,400000.0
29488275,400000.0
83826732,400000.0
29497716,400000.0
29493215,400000.0
29493193,400000.0
2099306181,400000.0
29488178,400000.0
29493173,400000.0
29497670,400000.0
29493167,400000.0
29497653,400000.0
29493646,400000.0
29490141,400000.0
29493632,400000.0
29488126,400000.0
29490113,400000.0
29490105,400000.0
29490102,400000.0
29488602,400000.0
29497597,400000.0
29497590,400000.0
29493090,400000.0
29493577,400000.0
29488574,400000.0
29488063,400000.0
29493556,400000.0
111968550,400000.0
29497534,400000.0
29488030,400000.0
29497527,400000.0
29493527,400000.0
29490019,400000.0
29493506,400000.0
29497505,400000.0
29512941,400000.0
2086221434,400000.0
145658429,400000.0
29512926,400000.0
70357424,400000.0
29512922,400000.0
29509421,400000.0
29509420,400000.0
29512919,400000.0
29510919,400000.0
2085766406,400000.0
29512902,400000.0
58316898,400000.0
83823892,400000.0
2090599387,400000.0
251031385,400000.0
64824483,400000.0
58316875,400000.0
125806871,400000.0
119632870,400000.0
125803864,400000.0
29509360,400000.0
29512777,400000.0
119622851,400000.0
70357499,400000.0
29516413,400000.0
29515904,400000.0
2095600833,400000.0
70343801,400000.0
29515894,400000.0
80107868,400000.0
29512829,400000.0
80100328,400000.0
124836325,400000.0
58637861,400000.0
83833267,400000.0
58317839,400000.0
2090745314,400000.0
58317835,400000.0
80101795,400000.0
29516828,400000.0
80101812,400000.0
63228739,400000.0
251030288,400000.0
119629784,400000.0
29516290,400000.0
64648284,400000.0
29515486,400000.0
2089378210,400000.0
29505774,400000.0
58317273,400000.0
251029772,400000.0
119629772,400000.0
29509270,400000.0
29516265,400000.0
54860262,400000.0
29509268,400000.0
29516757,400000.0
29515246,400000.0
29516240,400000.0
29515739,400000.0
83824669,400000.0
29509246,400000.0
29515221,400000.0
80108651,400000.0
89551241,400000.0
29515707,400000.0
125803403,400000.0
2088367738,400000.0
29505738,400000.0
119624901,400000.0
64784191,400000.0
125458399,400000.0
2103231234,400000.0
70335620,400000.0
119618899,400000.0
60135688,400000.0
29505730,400000.0
29509228,400000.0
58317657,400000.0
29505727,400000.0
89547082,400000.0
58317653,400000.0
80095068,400000.0
29512392,400000.0
58317642,400000.0
29505717,400000.0
70335562,400000.0
64704421,400000.0
29515135,400000.0
29513389,400000.0
70335559,400000.0
64675384,400000.0
83827555,400000.0
58317628,400000.0
29515374,400000.0
63228709,400000.0
29515373,400000.0
29513372,400000.0
58317622,400000.0
79982039,400000.0
29506205,400000.0
29511204,400000.0
29515363,400000.0
83822203,400000.0
58317618,400000.0
2081020538,400000.0
29514859,400000.0
79982037,400000.0
29515347,400000.0
64721106,400000.0
64820022,400000.0
70357599,400000.0
83126518,400000.0
70357598,400000.0
63228686,400000.0
64595506,400000.0
64432090,400000.0
63228684,400000.0
119631340,400000.0
29512340,400000.0
70343337,400000.0
305428675,400000.0
29513337,400000.0
70357578,400000.0
80094571,400000.0
58317564,400000.0
29509161,400000.0
70357556,400000.0
29515498,400000.0
29510997,400000.0
58317544,400000.0
29512328,400000.0
70357542,400000.0
29509157,400000.0
70343323,400000.0
64886821,400000.0
114406315,400000.0
111371813,400000.0
119630809,400000.0
29514807,400000.0
29514805,400000.0
70343303,400000.0
29514784,400000.0
29514778,400000.0
125903267,400000.0
29513759,400000.0
29513756,400000.0
29514748,400000.0
70343242,400000.0
120897234,400000.0
2090311233,400000.0
29513721,400000.0
83818718,400000.0
29511707,400000.0
29513695,400000.0
29514694,400000.0
29512685,400000.0
29514682,400000.0
64804679,400000.0
29513677,400000.0
64574173,400000.0
29515418,400000.0
119630142,400000.0
29514631,400000.0
29512625,400000.0
119623119,400000.0
29511615,400000.0
125904100,400000.0
29512597,400000.0
29512590,400000.0
29514644,400000.0
70332589,400000.0
29513584,400000.0
29513583,400000.0
29510573,400000.0
29511571,400000.0
83126565,400000.0
29510560,400000.0
111373050,400000.0
64542547,400000.0
29510545,400000.0
29515544,400000.0
145656495,400000.0
29515525,400000.0
83819021,400000.0
64443019,400000.0
29513519,400000.0
60139018,400000.0
29513518,400000.0
305427016,400000.0
29510513,400000.0
29369687,400000.0
29575512,400000.0
29438993,400000.0
70354953,400000.0
70354944,400000.0
29438920,400000.0
29437920,400000.0
29434419,400000.0
29438915,400000.0
29437912,400000.0
29436897,400000.0
29433387,400000.0
29434886,400000.0
29436884,400000.0
29433384,400000.0
29436878,400000.0
29436874,400000.0
29437869,400000.0
29437864,400000.0
29433361,400000.0
29433354,400000.0
29433352,400000.0
29438844,400000.0
29436837,400000.0
29434830,400000.0
29433314,400000.0
29436808,400000.0
29438796,400000.0
29437787,400000.0
125090786,400000.0
29434779,400000.0
29436770,400000.0
29436768,400000.0
29433264,400000.0
145550740,400000.0
29434734,400000.0
29438725,400000.0
29437711,400000.0
29437688,400000.0
29437998,400000.0
29434683,400000.0
29436664,400000.0
29435651,400000.0
29434635,400000.0
29434601,400000.0
29435599,400000.0
29435593,400000.0
29435590,400000.0
29439052,400000.0
29439046,400000.0
29437046,400000.0
29437044,400000.0
29434541,400000.0
29439020,400000.0
122585968,400000.0
83830466,400000.0
29432903,400000.0
29429454,400000.0
29426452,400000.0
29422448,400000.0
29428445,400000.0
29422429,400000.0
29426427,400000.0
29426415,400000.0
29426406,400000.0
29358396,400000.0
29426389,400000.0
29352888,400000.0
29422386,400000.0
29352876,400000.0
29355361,400000.0
29358357,400000.0
29428351,400000.0
29422351,400000.0
29352851,400000.0
29352849,400000.0
29421347,400000.0
29352841,400000.0
29428338,400000.0
29424835,400000.0
29424827,400000.0
29431990,400000.0
29430819,400000.0
29355318,400000.0
29426312,400000.0
29428310,400000.0
29426304,400000.0
29430795,400000.0
29424777,400000.0
29425992,400000.0
29428347,400000.0
29430761,400000.0
29426261,400000.0
29420261,400000.0
29424759,400000.0
29420259,400000.0
29420258,400000.0
29421257,400000.0
29428256,400000.0
29424756,400000.0
29429753,400000.0
29428252,400000.0
29421251,400000.0
29421249,400000.0
29430746,400000.0
29425990,400000.0
29424743,400000.0
120899742,400000.0
29424742,400000.0
29426228,400000.0
29430721,400000.0
29421218,400000.0
29430716,400000.0
29430987,400000.0
29421207,400000.0
29421183,400000.0
29421176,400000.0
29421172,400000.0
29421164,400000.0
29422157,400000.0
29432736,400000.0
29424643,400000.0
29430628,400000.0
29430624,400000.0
29423131,400000.0
29430609,400000.0
29430608,400000.0
29422100,400000.0
29430593,400000.0
29428092,400000.0
29428088,400000.0
2079147585,400000.0
29421083,400000.0
29432082,400000.0
29429576,400000.0
144274064,400000.0
29428059,400000.0
29426058,400000.0
29423044,400000.0
29432029,400000.0
29426474,400000.0
29430513,400000.0
29429470,400000.0
29432003,400000.0
29547987,400000.0
29547984,400000.0
70984951,400000.0
88023442,400000.0
29596440,400000.0
29604429,400000.0
29586926,400000.0
29604418,400000.0
29577914,400000.0
29552407,400000.0
29552405,400000.0
29552375,400000.0
88017870,400000.0
70985494,400000.0
67003994,400000.0
29596385,400000.0
29547996,400000.0
67010985,400000.0
88018984,400000.0
66991342,400000.0
60335978,400000.0
60335972,400000.0
70976471,400000.0
88026470,400000.0
67003964,400000.0
70992774,400000.0
67010957,400000.0
70992768,400000.0
88026265,400000.0
80125256,400000.0
70976455,400000.0
70992756,400000.0
80126243,400000.0
70976453,400000.0
88019240,400000.0
60335953,400000.0
70992740,400000.0
67004950,400000.0
29548171,400000.0
29577738,400000.0
60335938,400000.0
29604222,400000.0
29603418,400000.0
29603410,400000.0
29577698,400000.0
124155394,400000.0
87922894,400000.0
70992691,400000.0
29577691,400000.0
29604190,400000.0
60335885,400000.0
60335884,400000.0
29575689,400000.0
29604185,400000.0
67003999,400000.0
60335873,400000.0
70992678,400000.0
29593872,400000.0
29613676,400000.0
88026371,400000.0
29577666,400000.0
29555380,400000.0
29577655,400000.0
29575642,400000.0
80111854,400000.0
60335852,400000.0
29548128,400000.0
58267851,400000.0
29555354,400000.0
250924852,400000.0
52830655,400000.0
29577609,400000.0
88018432,400000.0
88015108,400000.0
58267833,400000.0
60336097,400000.0
2082102830,400000.0
60335825,400000.0
67004090,400000.0
60336073,400000.0
58267809,400000.0
29555192,400000.0
29593802,400000.0
60336064,400000.0
185184042,400000.0
67008279,400000.0
250825030,400000.0
70993776,400000.0
29577527,400000.0
80125521,400000.0
60335765,400000.0
29548017,400000.0
88019764,400000.0
80125248,400000.0
58267742,400000.0
29596500,400000.0
60335720,400000.0
111972198,400000.0
58267688,400000.0
60335680,400000.0
70985157,400000.0
52830635,400000.0
52830628,400000.0
80109118,400000.0
70985118,400000.0
70985115,400000.0
70985113,400000.0
111967591,400000.0
88015582,400000.0
111970068,400000.0
111968068,400000.0
111967058,400000.0
70985554,400000.0
88019544,400000.0
88028532,400000.0
80124030,400000.0
67004027,400000.0
96633841,400000.0
185213816,400000.0
29616293,400000.0
29596727,400000.0
89652711,400000.0
121720206,400000.0
29596652,400000.0
121719648,400000.0
29575609,400000.0
121724604,400000.0
29561590,400000.0
121722076,400000.0
121721574,400000.0
29587068,400000.0
29587064,400000.0
121721061,400000.0
29572480,400000.0
29578472,400000.0
29582462,400000.0
29447980,400000.0
29582440,400000.0
29447473,400000.0
29447966,400000.0
29614436,400000.0
29454462,400000.0
29451461,400000.0
29447960,400000.0
29614429,400000.0
29444985,400000.0
29444973,400000.0
58306495,400000.0
58306442,400000.0
29369806,400000.0
29366790,400000.0
29444373,400000.0
241932372,400000.0
29444370,400000.0
29442368,400000.0
58305364,400000.0
29442361,400000.0
29366768,400000.0
29439856,400000.0
29444355,400000.0
29371767,400000.0
29369767,400000.0
29371765,400000.0
29369762,400000.0
29365262,400000.0
29367739,400000.0
29371730,400000.0
58305320,400000.0
29444816,400000.0
29371726,400000.0
58306304,400000.0
29366724,400000.0
29365215,400000.0
29368210,400000.0
58305292,400000.0
29439792,400000.0
29370204,400000.0
29444290,400000.0
58307286,400000.0
58305216,400000.0
29370194,400000.0
29369961,400000.0
58307278,400000.0
29372193,400000.0
58305709,400000.0
29440771,400000.0
58306269,400000.0
58305266,400000.0
29444763,400000.0
29365183,400000.0
29444187,400000.0
29365177,400000.0
29367674,400000.0
29444745,400000.0
29369673,400000.0
29370170,400000.0
29370169,400000.0
29369665,400000.0
29451456,400000.0
29370163,400000.0
29450955,400000.0
58305213,400000.0
29446145,400000.0
29446210,400000.0
29453950,400000.0
29369146,400000.0
29444890,400000.0
29454443,400000.0
58305142,400000.0
58306191,400000.0
29447443,400000.0
29367646,400000.0
29444683,400000.0
58300145,400000.0
29444682,400000.0
29370145,400000.0
29367643,400000.0
58305108,400000.0
29449936,400000.0
29367637,400000.0
29444666,400000.0
58305105,400000.0
29368134,400000.0
58305104,400000.0
29453933,400000.0
29442659,400000.0
29452933,400000.0
29442654,400000.0
29449932,400000.0
29441995,400000.0
29370126,400000.0
29451431,400000.0
58305589,400000.0
29451425,400000.0
29444151,400000.0
29442645,400000.0
29369613,400000.0
29370110,400000.0
29368109,400000.0
29449912,400000.0
29440630,400000.0
29371608,400000.0
58307125,400000.0
29449407,400000.0
29440620,400000.0
58305549,400000.0
29367607,400000.0
29444118,400000.0
58305548,400000.0
29367605,400000.0
29452895,400000.0
29368103,400000.0
29447895,400000.0
58306109,400000.0
29446391,400000.0
29444038,400000.0
29374099,400000.0
29444105,400000.0
29451387,400000.0
29440605,400000.0
29449881,400000.0
29367597,400000.0
29442279,400000.0
29439524,400000.0
29452868,400000.0
29449365,400000.0
29447833,400000.0
29447829,400000.0
2078955819,400000.0
29367500,400000.0
29369255,400000.0
29447811,400000.0
29366089,400000.0
29452807,400000.0
29366585,400000.0
29447802,400000.0
29366082,400000.0
29444091,400000.0
58307090,400000.0
29366576,400000.0
58307081,400000.0
29366070,400000.0
29369568,400000.0
58306564,400000.0
29365064,400000.0
29444559,400000.0
29442558,400000.0
29367554,400000.0
29451797,400000.0
29370053,400000.0
29367551,400000.0
70339539,400000.0
29442539,400000.0
29368038,400000.0
29440537,400000.0
29447423,400000.0
58306033,400000.0
29368029,400000.0
29444531,400000.0
58306528,400000.0
58306510,400000.0
29444506,400000.0
29447743,400000.0
29451238,400000.0
29451724,400000.0
29451723,400000.0
29454218,400000.0
29449715,400000.0
29449189,400000.0
29449679,400000.0
29447679,400000.0
29449672,400000.0
29451159,400000.0
29451157,400000.0
29451652,400000.0
29454150,400000.0
29451129,400000.0
29447613,400000.0
29451105,400000.0
29451103,400000.0
29447575,400000.0
29454065,400000.0
29451059,400000.0
58309058,400000.0
29449552,400000.0
29451550,400000.0
29449539,400000.0
29454025,400000.0
29447517,400000.0
29447513,400000.0
29451501,400000.0
29366527,400000.0
29371690,400000.0
29368016,400000.0
29366514,400000.0
29371509,400000.0
29365009,400000.0
29443432,400000.0
29440897,400000.0
29443395,400000.0
29442887,400000.0
29443374,400000.0
29445371,400000.0
58307449,400000.0
29443346,400000.0
29441328,400000.0
54939318,400000.0
29443316,400000.0
29441309,400000.0
29443294,400000.0
29443284,400000.0
29440784,400000.0
29443282,400000.0
29441275,400000.0
29445268,400000.0
29441265,400000.0
64883246,400000.0
29445243,400000.0
29445483,400000.0
29442734,400000.0
29445230,400000.0
29443228,400000.0
251027723,400000.0
29442722,400000.0
29441200,400000.0
29441198,400000.0
29443195,400000.0
29445186,400000.0
29440171,400000.0
29440165,400000.0
29438646,400000.0
29443145,400000.0
29445139,400000.0
29443136,400000.0
29441129,400000.0
29445121,400000.0
29442827,400000.0
29438598,400000.0
29443593,400000.0
29443589,400000.0
29440732,400000.0
29438583,400000.0
29441078,400000.0
29438574,400000.0
29440042,400000.0
29441022,400000.0
29445226,400000.0
29440005,400000.0
29443004,400000.0
29443109,400000.0
110538734,400000.0
29331929,400000.0
89548921,400000.0
29394206,400000.0
29385912,400000.0
94642177,400000.0
70338409,400000.0
29393634,400000.0
29385105,400000.0
62605581,400000.0
62605548,400000.0
251029546,400000.0
29387544,400000.0
2078446325,400000.0
29390820,400000.0
29386810,400000.0
79981514,400000.0
29396005,400000.0
29331984,400000.0
2077674887,400000.0
29460386,400000.0
29459492,400000.0
2142122880,400000.0
2142122872,400000.0
29384370,400000.0
29384369,400000.0
29459356,400000.0
29458855,400000.0
58310985,400000.0
29381478,400000.0
29471970,400000.0
2088093835,400000.0
29459330,400000.0
29459325,400000.0
29458821,400000.0
29384319,400000.0
29460315,400000.0
29458806,400000.0
29384292,400000.0
29460959,400000.0
29460783,400000.0
29458778,400000.0
29384278,400000.0
29459255,400000.0
29460753,400000.0
29382252,400000.0
29473240,400000.0
29471943,400000.0
29382216,400000.0
29458715,400000.0
29322713,400000.0
89550703,400000.0
29473182,400000.0
2091191439,400000.0
29460496,400000.0
2081346165,400000.0
29459165,400000.0
29473163,400000.0
29382652,400000.0
29460148,400000.0
251033643,400000.0
29473137,400000.0
29460995,400000.0
124720124,400000.0
29460624,400000.0
29461122,400000.0
29473121,400000.0
29460118,400000.0
121657617,400000.0
29461114,400000.0
29381812,400000.0
29460106,400000.0
29459102,400000.0
2088149596,400000.0
29459592,400000.0
62604584,400000.0
29460581,400000.0
29459076,400000.0
29459074,400000.0
29461073,400000.0
29460927,400000.0
29458924,400000.0
29459563,400000.0
2077125559,400000.0
29459059,400000.0
29382557,400000.0
241938408,400000.0
29461545,400000.0
29459544,400000.0
70355918,400000.0
29382530,400000.0
29459412,400000.0
29474525,400000.0
29460498,400000.0
29382522,400000.0
29382519,400000.0
29459401,400000.0
29382514,400000.0
29461509,400000.0
29459509,400000.0
80106006,400000.0
29459006,400000.0
29384002,400000.0
29384001,400000.0
29396494,400000.0
29396397,400000.0
29394889,400000.0
29396306,400000.0
29396264,400000.0
2081335244,400000.0
29389715,400000.0
29394708,400000.0
2082654704,400000.0
29394670,400000.0
29393146,400000.0
29392141,400000.0
29394640,400000.0
83126626,400000.0
29394616,400000.0
29392110,400000.0
29394596,400000.0
70353585,400000.0
29396571,400000.0
29389562,400000.0
29394445,400000.0
2086124048,400000.0
29392011,400000.0
29392000,400000.0
29392437,400000.0
29389920,400000.0
29389918,400000.0
80101391,400000.0
251029362,400000.0
29392359,400000.0
2097074353,400000.0
83125319,400000.0
29392306,400000.0
83125305,400000.0
125917800,400000.0
29392286,400000.0
241934782,400000.0
83125275,400000.0
29392268,400000.0
29393259,400000.0
29392244,400000.0
29392224,400000.0
29392486,400000.0
125915181,400000.0
29394960,400000.0
2082001619,400000.0
125808101,400000.0
29396580,400000.0
29391035,400000.0
125808512,400000.0
29394940,400000.0
29385387,400000.0
29388380,400000.0
121654844,400000.0
241931819,400000.0
119623806,400000.0
29387788,400000.0
29386269,400000.0
144234258,400000.0
29386241,400000.0
29386222,400000.0
29389698,400000.0
29389671,400000.0
124843670,400000.0
89547655,400000.0
29389617,400000.0
124844098,400000.0
29386092,400000.0
305429480,400000.0
29389585,400000.0
29388585,400000.0
241934573,400000.0
29386026,400000.0
29389518,400000.0
125742942,400000.0
29386938,400000.0
29386861,400000.0
29389927,400000.0
29386883,400000.0
29386879,400000.0
29386878,400000.0
29387869,400000.0
29389868,400000.0
251030362,400000.0
29389860,400000.0
29386487,400000.0
29389827,400000.0
29389806,400000.0
29386299,400000.0
29388735,400000.0
29388713,400000.0
29389982,400000.0
29386481,400000.0
89548677,400000.0
29388670,400000.0
2084946649,400000.0
29388640,400000.0
2087493134,400000.0
29386480,400000.0
29390040,400000.0
29390036,400000.0
29390024,400000.0
29386524,400000.0
80101523,400000.0
29390015,400000.0
145658494,400000.0
29392494,400000.0
29391492,400000.0
29387907,400000.0
29388901,400000.0
29391487,400000.0
29391393,400000.0
64891859,400000.0
29388856,400000.0
29391353,400000.0
79980329,400000.0
29391320,400000.0
29391316,400000.0
29391309,400000.0
29393304,400000.0
29392803,400000.0
83832087,400000.0
80089292,400000.0
80093790,400000.0
29391285,400000.0
83817468,400000.0
29387968,400000.0
29396639,400000.0
29392771,400000.0
79976769,400000.0
251036767,400000.0
29396767,400000.0
29396760,400000.0
29392748,400000.0
29387961,400000.0
2077965459,400000.0
144237737,400000.0
144237736,400000.0
29390234,400000.0
29392497,400000.0
29396723,400000.0
29391456,400000.0
83830217,400000.0
29392717,400000.0
29392713,400000.0
29392710,400000.0
29386709,400000.0
80096208,400000.0
64794208,400000.0
29396705,400000.0
29386704,400000.0
29386703,400000.0
70326200,400000.0
124845190,400000.0
29388941,400000.0
80102937,400000.0
29385674,400000.0
29387173,400000.0
29395170,400000.0
29391167,400000.0
29385666,400000.0
2088544164,400000.0
83833163,400000.0
29395142,400000.0
144240133,400000.0
29388126,400000.0
29388124,400000.0
2079031622,400000.0
29395122,400000.0
29386612,400000.0
29392604,400000.0
251031591,400000.0
29388090,400000.0
29392579,400000.0
29392570,400000.0
29388065,400000.0
29391055,400000.0
29387039,400000.0
29391531,400000.0
121654923,400000.0
60137010,400000.0
89550509,400000.0
29391504,400000.0
2079952448,400000.0
145658948,400000.0
29385447,400000.0
29383425,400000.0
29386345,400000.0
29382332,400000.0
29383310,400000.0
29382309,400000.0
29382308,400000.0
79980300,400000.0
29385283,400000.0
29383278,400000.0
29383276,400000.0
29384774,400000.0
29384770,400000.0
29461255,400000.0
29384750,400000.0
29384496,400000.0
29385491,400000.0
29386385,400000.0
144230873,400000.0
29461174,400000.0
29385484,400000.0
29383146,400000.0
70326128,400000.0
125159127,400000.0
29384622,400000.0
29383121,400000.0
29383109,400000.0
2079388602,400000.0
29384600,400000.0
29381598,400000.0
29384591,400000.0
29383082,400000.0
29383569,400000.0
29384068,400000.0
29383066,400000.0
29384557,400000.0
29384546,400000.0
29383542,400000.0
29386541,400000.0
29384038,400000.0
29384034,400000.0
29384030,400000.0
29385519,400000.0
29384015,400000.0
29385449,400000.0
29386511,400000.0
29384507,400000.0
29384505,400000.0
251031002,400000.0
29384502,400000.0
29384879,400000.0
70353375,400000.0
89552354,400000.0
29385723,400000.0
89549712,400000.0
89549189,400000.0
29383680,400000.0
89549647,400000.0
29383638,400000.0
89549547,400000.0
2138640520,400000.0
29502267,400000.0
29502237,400000.0
29467737,400000.0
29502235,400000.0
29468232,400000.0
29468211,400000.0
29468210,400000.0
29468208,400000.0
29467695,400000.0
29502172,400000.0
29468142,400000.0
29467636,400000.0
29466631,400000.0
29500126,400000.0
29467619,400000.0
29500113,400000.0
121658606,400000.0
29503090,400000.0
29468077,400000.0
29468558,400000.0
29468051,400000.0
29468014,400000.0
29467513,400000.0
29505509,400000.0
29500002,400000.0
70327483,400000.0
29466975,400000.0
29465955,400000.0
29466452,400000.0
70341436,400000.0
70341435,400000.0
29467429,400000.0
70341419,400000.0
64741905,400000.0
29467397,400000.0
64455889,400000.0
70327385,400000.0
29466372,400000.0
64506811,400000.0
29466297,400000.0
64859285,400000.0
29494226,400000.0
64647214,400000.0
29466457,400000.0
29466598,400000.0
29467092,400000.0
64729566,400000.0
64919023,400000.0
29500387,400000.0
29498841,400000.0
29500334,400000.0
29500823,400000.0
29508319,400000.0
29500279,400000.0
29503271,400000.0
29503222,400000.0
29500222,400000.0
80106709,400000.0
29497188,400000.0
29497184,400000.0
29501181,400000.0
29497168,400000.0
70335166,400000.0
29501151,400000.0
29501108,400000.0
29505575,400000.0
29500567,400000.0
64495565,400000.0
29503063,400000.0
29503044,400000.0
29497040,400000.0
29502534,400000.0
29500513,400000.0
29487692,400000.0
29489646,400000.0
29489578,400000.0
29489550,400000.0
29480337,400000.0
29478335,400000.0
29478332,400000.0
305428326,400000.0
29485820,400000.0
29476820,400000.0
89549319,400000.0
29485818,400000.0
83827809,400000.0
2082909307,400000.0
29478307,400000.0
70348803,400000.0
29479802,400000.0
70332488,400000.0
29482301,400000.0
29476797,400000.0
29478296,400000.0
29478294,400000.0
63838287,400000.0
29482281,400000.0
124841780,400000.0
70348777,400000.0
29478773,400000.0
29478487,400000.0
29478764,400000.0
29478751,400000.0
29476735,400000.0
29482725,400000.0
251029717,400000.0
83126215,400000.0
29482209,400000.0
241933208,400000.0
241933206,400000.0
29487704,400000.0
29478387,400000.0
29478701,400000.0
2083399200,400000.0
29476678,400000.0
83828980,400000.0
29487661,400000.0
29482649,400000.0
29482642,400000.0
29477138,400000.0
58313137,400000.0
305428635,400000.0
29482631,400000.0
29476612,400000.0
29476475,400000.0
70357097,400000.0
58312972,400000.0
94643087,400000.0
29485583,400000.0
70357081,400000.0
29485577,400000.0
29480572,400000.0
241938565,400000.0
29476552,400000.0
29485050,400000.0
29478548,400000.0
121655969,400000.0
29476469,400000.0
58313027,400000.0
29478526,400000.0
29488008,400000.0
29488007,400000.0
29482505,400000.0
29462919,400000.0
121655398,400000.0
83816871,400000.0
29465344,400000.0
241937829,400000.0
145658821,400000.0
29465317,400000.0
29476310,400000.0
29476297,400000.0
29476283,400000.0
29465263,400000.0
70356216,400000.0
114406712,400000.0
29460988,400000.0
83124171,400000.0
124842168,400000.0
29462157,400000.0
29462152,400000.0
29464482,400000.0
29462131,400000.0
29462129,400000.0
29462128,400000.0
29462087,400000.0
29465566,400000.0
29464542,400000.0
29465537,400000.0
29464468,400000.0
29465530,400000.0
29461728,400000.0
29477018,400000.0
29461501,400000.0
83829986,400000.0
80106476,400000.0
119623941,400000.0
70354416,400000.0
58302406,400000.0
70354436,400000.0
80096399,400000.0
64620398,400000.0
70354396,400000.0
70339386,400000.0
70354381,400000.0
29429351,400000.0
80087326,400000.0
70339322,400000.0
83822813,400000.0
70334311,400000.0
70339499,400000.0
83820788,400000.0
70339286,400000.0
29433281,400000.0
83819277,400000.0
70339277,400000.0
241932260,400000.0
29433249,400000.0
80089748,400000.0
80100736,400000.0
63836720,400000.0
63836719,400000.0
83816209,400000.0
79981204,400000.0
70354688,400000.0
80099182,400000.0
83827170,400000.0
70339148,400000.0
70339138,400000.0
70338638,400000.0
70338610,400000.0
2080097108,400000.0
80103606,400000.0
64858594,400000.0
70338570,400000.0
70349041,400000.0
241930510,400000.0
80091506,400000.0
80099941,400000.0
29424416,400000.0
60137408,400000.0
29424395,400000.0
29424389,400000.0
94642884,400000.0
64489863,400000.0
83819841,400000.0
145658310,400000.0
145658306,400000.0
83813774,400000.0
111370762,400000.0
29421741,400000.0
125914239,400000.0
119622230,400000.0
64635218,400000.0
70338705,400000.0
70338685,400000.0
69809173,400000.0
70338651,400000.0
111373626,400000.0
83823623,400000.0
119626072,400000.0
70354557,400000.0
64771547,400000.0
2086122546,400000.0
70354544,400000.0
60134537,400000.0
70354536,400000.0
70354533,400000.0
60134529,400000.0
83815028,400000.0
70354510,400000.0
59792502,400000.0
120896918,400000.0
29401967,400000.0
249911441,400000.0
80096437,400000.0
125916431,400000.0
29405428,400000.0
29409917,400000.0
29406915,400000.0
29406410,400000.0
29409909,400000.0
145652991,400000.0
120901389,400000.0
29409385,400000.0
120575878,400000.0
29406878,400000.0
29401990,400000.0
29409375,400000.0
120897872,400000.0
29409868,400000.0
29409865,400000.0
29409365,400000.0
29409355,400000.0
29405355,400000.0
29409354,400000.0
63835851,400000.0
29409843,400000.0
2091667340,400000.0
29409339,400000.0
29406839,400000.0
120788330,400000.0
29409330,400000.0
29409828,400000.0
29409311,400000.0
29401793,400000.0
29403787,400000.0
2087145786,400000.0
29403785,400000.0
144249274,400000.0
29400760,400000.0
80092247,400000.0
29409246,400000.0
29406744,400000.0
29405240,400000.0
144970734,400000.0
144970729,400000.0
29405225,400000.0
29406709,400000.0
29403705,400000.0
29403692,400000.0
120900188,400000.0
29406704,400000.0
29406687,400000.0
29396179,400000.0
114407175,400000.0
29405673,400000.0
29397670,400000.0
83125499,400000.0
29403666,400000.0
29406657,400000.0
2080353152,400000.0
29399640,400000.0
29407122,400000.0
29405621,400000.0
29399618,400000.0
2077713613,400000.0
29403608,400000.0
29402106,400000.0
29409924,400000.0
124841590,400000.0
29406586,400000.0
29399583,400000.0
29399582,400000.0
29405578,400000.0
29409576,400000.0
29407076,400000.0
29402067,400000.0
29407066,400000.0
144970635,400000.0
125090550,400000.0
121655046,400000.0
29409545,400000.0
29406543,400000.0
251036026,400000.0
29403520,400000.0
29403519,400000.0
29407015,400000.0
29398485,400000.0
29402004,400000.0
29412894,400000.0
29420880,400000.0
29413863,400000.0
29413854,400000.0
29412854,400000.0
29412838,400000.0
29412814,400000.0
29419773,400000.0
29412749,400000.0
29419724,400000.0
29412720,400000.0
29411193,400000.0
29419681,400000.0
29419655,400000.0
29411138,400000.0
29412113,400000.0
29419553,400000.0
29411053,400000.0
2091327500,400000.0
29407475,400000.0
29404472,400000.0
29410965,400000.0
29409965,400000.0
29407463,400000.0
29404463,400000.0
29400999,400000.0
29410957,400000.0
29400955,400000.0
29409952,400000.0
29408444,400000.0
29400935,400000.0
29402432,400000.0
29399930,400000.0
2082146929,400000.0
72508898,400000.0
29402397,400000.0
241931891,400000.0
29404390,400000.0
29399882,400000.0
29407379,400000.0
29407374,400000.0
111972870,400000.0
29399790,400000.0
29407360,400000.0
29402357,400000.0
29405845,400000.0
29408333,400000.0
29404313,400000.0
29408293,400000.0
29407289,400000.0
29404287,400000.0
29399786,400000.0
29404281,400000.0
29397770,400000.0
29408268,400000.0
29397766,400000.0
29408263,400000.0
29405758,400000.0
29405757,400000.0
29408250,400000.0
29404248,400000.0
29404241,400000.0
29398732,400000.0
29402224,400000.0
29400223,400000.0
29402721,400000.0
29402218,400000.0
64641716,400000.0
29398714,400000.0
29407207,400000.0
29408702,400000.0
29408699,400000.0
29404197,400000.0
29398697,400000.0
29411188,400000.0
29411186,400000.0
29398684,400000.0
29398683,400000.0
29398676,400000.0
29405675,400000.0
29408172,400000.0
251029662,400000.0
29404161,400000.0
29405660,400000.0
29408654,400000.0
29398653,400000.0
29405650,400000.0
29398648,400000.0
29411146,400000.0
29411145,400000.0
29410142,400000.0
29408440,400000.0
29404132,400000.0
29398628,400000.0
29402121,400000.0
29400118,400000.0
29404484,400000.0
29399984,400000.0
29400983,400000.0
29409982,400000.0
29400100,400000.0
29410097,400000.0
29400135,400000.0
29404078,400000.0
29398572,400000.0
29411071,400000.0
29407568,400000.0
29402565,400000.0
68519564,400000.0
29399782,400000.0
29410055,400000.0
29399980,400000.0
29408552,400000.0
29408045,400000.0
29407479,400000.0
29407543,400000.0
144255041,400000.0
29407978,400000.0
29408031,400000.0
29407529,400000.0
29404006,400000.0
29404004,400000.0
29400004,400000.0
29404280,400000.0
124719459,400000.0
241931955,400000.0
29419455,400000.0
29413453,400000.0
29414451,400000.0
29418947,400000.0
29411928,400000.0
2077373426,400000.0
119623925,400000.0
29414425,400000.0
29418422,400000.0
29418413,400000.0
29417408,400000.0
29417498,400000.0
29415397,400000.0
125805892,400000.0
29411891,400000.0
125806885,400000.0
29417377,400000.0
145652869,400000.0
29411865,400000.0
29417496,400000.0
29414990,400000.0
29413488,400000.0
29417336,400000.0
29413332,400000.0
29411832,400000.0
29411830,400000.0
29411828,400000.0
29413325,400000.0
29411819,400000.0
29417313,400000.0
29415310,400000.0
29417307,400000.0
29411793,400000.0
29413409,400000.0
29420742,400000.0
29417211,400000.0
29420706,400000.0
29420703,400000.0
29418194,400000.0
29412688,400000.0
29416665,400000.0
29413658,400000.0
251032156,400000.0
29416655,400000.0
125915654,400000.0
29415135,400000.0
29420633,400000.0
29419115,400000.0
29416606,400000.0
119616100,400000.0
2079419087,400000.0
29417583,400000.0
29412482,400000.0
29419406,400000.0
29419061,400000.0
29416657,400000.0
29417541,400000.0
29417536,400000.0
29416535,400000.0
29412535,400000.0
119626532,400000.0
241931973,400000.0
124843524,400000.0
29417514,400000.0
29417507,400000.0
29413506,400000.0
29415325,400000.0
29415002,400000.0
70332625,400000.0
29511357,400000.0
64484620,400000.0
58317423,400000.0
110538825,400000.0
58317413,400000.0
89551321,400000.0
29509819,400000.0
29510064,400000.0
29506788,400000.0
70332555,400000.0
89552260,400000.0
89549754,400000.0
70335380,400000.0
29510039,400000.0
62608376,400000.0
64543077,400000.0
29509706,400000.0
70335352,400000.0
89549813,400000.0
64639018,400000.0
58317308,400000.0
89550188,400000.0
70332515,400000.0
70335331,400000.0
58317330,400000.0
119628329,400000.0
29514273,400000.0
29509672,400000.0
29509663,400000.0
29513256,400000.0
70346316,400000.0
119627157,400000.0
64436804,400000.0
79981115,400000.0
29513290,400000.0
58316612,400000.0
2098719189,400000.0
70335280,400000.0
70346279,400000.0
83815578,400000.0
89546555,400000.0
89546050,400000.0
249911674,400000.0
70332765,400000.0
70332764,400000.0
58317155,400000.0
29514155,400000.0
29509982,400000.0
70332751,400000.0
29514148,400000.0
29513246,400000.0
29513245,400000.0
70332742,400000.0
29514241,400000.0
29513241,400000.0
58317087,400000.0
70332730,400000.0
58317058,400000.0
29514202,400000.0
83126510,400000.0
29513174,400000.0
29513167,400000.0
60135627,400000.0
60135606,400000.0
70335596,400000.0
64744561,400000.0
2131624052,400000.0
89549526,400000.0
29499158,400000.0
29499153,400000.0
63838646,400000.0
63838627,400000.0
63838615,400000.0
29506602,400000.0
29499098,400000.0
29504071,400000.0
29501061,400000.0
63838550,400000.0
29504041,400000.0
63838537,400000.0
29504016,400000.0
29504009,400000.0
29484443,400000.0
29486942,400000.0
29486440,400000.0
29487439,400000.0
29481438,400000.0
29487434,400000.0
29491433,400000.0
29484433,400000.0
29484426,400000.0
29491425,400000.0
29486424,400000.0
29483921,400000.0
124836918,400000.0
29483415,400000.0
249889914,400000.0
29486413,400000.0
29491412,400000.0
29490911,400000.0
119617642,400000.0
29506131,400000.0
29490409,400000.0
70343624,400000.0
29512124,400000.0
29491406,400000.0
29491401,400000.0
29490401,400000.0
29483401,400000.0
2099696613,400000.0
29491392,400000.0
29509111,400000.0
29481392,400000.0
70343607,400000.0
83828102,400000.0
29483884,400000.0
29514102,400000.0
29514099,400000.0
29484381,400000.0
29509096,400000.0
29490373,400000.0
29491371,400000.0
241930591,400000.0
29514086,400000.0
29484370,400000.0
29514079,400000.0
29483867,400000.0
29514076,400000.0
29483851,400000.0
29491350,400000.0
58316068,400000.0
29483987,400000.0
29484343,400000.0
29481341,400000.0
29513061,400000.0
2082517560,400000.0
29491336,400000.0
124840543,400000.0
29484325,400000.0
29508532,400000.0
29509031,400000.0
29509030,400000.0
29508528,400000.0
29483297,400000.0
29508526,400000.0
29480794,400000.0
29513025,400000.0
29506521,400000.0
29490278,400000.0
29483776,400000.0
29483273,400000.0
63839005,400000.0
29511000,400000.0
29481225,400000.0
29484221,400000.0
29479218,400000.0
29481216,400000.0
58315497,400000.0
29487444,400000.0
58315491,400000.0
64580439,400000.0
58315487,400000.0
29491911,400000.0
29507468,400000.0
29479404,400000.0
29487198,400000.0
29507452,400000.0
64497378,400000.0
29481196,400000.0
58316448,400000.0
58316441,400000.0
63391350,400000.0
29504959,400000.0
29484340,400000.0
64625457,400000.0
29481188,400000.0
29501955,400000.0
79980954,400000.0
64889323,400000.0
29504943,400000.0
29501817,400000.0
29484187,400000.0
29504936,400000.0
29481180,400000.0
58314320,400000.0
29501814,400000.0
29491819,400000.0
29501812,400000.0
249911805,400000.0
145656311,400000.0
29507925,400000.0
29479174,400000.0
29501739,400000.0
29501920,400000.0
29504915,400000.0
29483666,400000.0
58315701,400000.0
64703211,400000.0
29484163,400000.0
29481663,400000.0
29507903,400000.0
58315693,400000.0
29501898,400000.0
58315681,400000.0
29483976,400000.0
29507677,400000.0
29504896,400000.0
29487156,400000.0
29507667,400000.0
58315663,400000.0
29491741,400000.0
29483654,400000.0
29487241,400000.0
58315659,400000.0
58315658,400000.0
29492229,400000.0
58315657,400000.0
29484729,400000.0
29504874,400000.0
29507647,400000.0
29507870,400000.0
29486632,400000.0
58315638,400000.0
29492200,400000.0
29333360,400000.0
58315633,400000.0
29333491,400000.0
29504848,400000.0
29492192,400000.0
70342847,400000.0
29492182,400000.0
29327353,400000.0
29481114,400000.0
29333350,400000.0
29484303,400000.0
29484667,400000.0
29327349,400000.0
29507836,400000.0
29491661,400000.0
64574329,400000.0
29492159,400000.0
29479108,400000.0
29505329,400000.0
83829840,400000.0
29487152,400000.0
58315581,400000.0
29484652,400000.0
29333830,400000.0
29479970,400000.0
29333967,400000.0
29507566,400000.0
29492132,400000.0
64811307,400000.0
29507560,400000.0
29333319,400000.0
58315803,400000.0
29504555,400000.0
29333313,400000.0
29484102,400000.0
29505303,400000.0
29504545,400000.0
29491100,400000.0
29507801,400000.0
58315536,400000.0
29491623,400000.0
29487622,400000.0
29507531,400000.0
29507528,400000.0
89550295,400000.0
29505292,400000.0
29333295,400000.0
58315790,400000.0
29481590,400000.0
29481605,400000.0
29329787,400000.0
58315483,400000.0
29491479,400000.0
29481584,400000.0
29490979,400000.0
29501780,400000.0
29475290,400000.0
2101271789,400000.0
29484577,400000.0
29495977,400000.0
58312866,400000.0
29491579,400000.0
64791571,400000.0
29487076,400000.0
29483576,400000.0
64485779,400000.0
29475279,400000.0
64562771,400000.0
58315769,400000.0
29507769,400000.0
58312770,400000.0
29495952,400000.0
2081450233,400000.0
29499447,400000.0
29478050,400000.0
29485255,400000.0
29487064,400000.0
29505258,400000.0
58313754,400000.0
58316756,400000.0
29479524,400000.0
58315431,400000.0
29496427,400000.0
29481560,400000.0
58315426,400000.0
29479518,400000.0
58315421,400000.0
2080139213,400000.0
29507751,400000.0
29479511,400000.0
29507747,400000.0
29485233,400000.0
29488230,400000.0
29507746,400000.0
29479050,400000.0
125887739,400000.0
58313324,400000.0
29481541,400000.0
83126226,400000.0
29499407,400000.0
58313725,400000.0
58315739,400000.0
29496479,400000.0
29496402,400000.0
58313716,400000.0
29495894,400000.0
58316732,400000.0
29499388,400000.0
58316727,400000.0
29485213,400000.0
29333176,400000.0
29486526,400000.0
58316723,400000.0
29505222,400000.0
29496374,400000.0
64669717,400000.0
58187202,400000.0
29332174,400000.0
29481023,400000.0
29505217,400000.0
29332172,400000.0
58314700,400000.0
70334863,400000.0
29501716,400000.0
58314695,400000.0
125088692,400000.0
29491517,400000.0
29496357,400000.0
83124187,400000.0
29331992,400000.0
29504704,400000.0
29487016,400000.0
29487013,400000.0
29331647,400000.0
58313395,400000.0
29332144,400000.0
58313667,400000.0
58314663,400000.0
29499343,400000.0
29479012,400000.0
58313163,400000.0
29332130,400000.0
64745838,400000.0
29496335,400000.0
29499328,400000.0
29495996,400000.0
29504689,400000.0
29496322,400000.0
29491504,400000.0
29329113,400000.0
64499177,400000.0
29496305,400000.0
29332087,400000.0
29499302,400000.0
29333584,400000.0
29332205,400000.0
29508174,400000.0
29499794,400000.0
58313642,400000.0
29330081,400000.0
29330080,400000.0
29482141,400000.0
62608168,400000.0
29482138,400000.0
29508168,400000.0
29499779,400000.0
29499778,400000.0
58312954,400000.0
60138776,400000.0
29508164,400000.0
29496776,400000.0
29496773,400000.0
29483125,400000.0
58314624,400000.0
29499766,400000.0
58314622,400000.0
29499264,400000.0
29332049,400000.0
29496264,400000.0
29485121,400000.0
29335046,400000.0
29508138,400000.0
58314116,400000.0
80108636,400000.0
29334039,400000.0
29505131,400000.0
29499757,400000.0
58315251,400000.0
58315249,400000.0
29334029,400000.0
29499749,400000.0
29502113,400000.0
29508108,400000.0
29496246,400000.0
29499245,400000.0
64904895,400000.0
29502101,400000.0
64914098,400000.0
29496245,400000.0
29482103,400000.0
29496742,400000.0
58313595,400000.0
29505084,400000.0
29482091,400000.0
29495735,400000.0
29329881,400000.0
29499233,400000.0
29508074,400000.0
29505074,400000.0
58314087,400000.0
29508071,400000.0
29495724,400000.0
29502071,400000.0
64719718,400000.0
29496217,400000.0
2079609078,400000.0
29502068,400000.0
64795567,400000.0
29496490,400000.0
29496204,400000.0
29496202,400000.0
29496201,400000.0
64907049,400000.0
29508047,400000.0
2079582067,400000.0
70335045,400000.0
64463044,400000.0
58312559,400000.0
29505036,400000.0
70335033,400000.0
29480049,400000.0
64583675,400000.0
29502027,400000.0
125089041,400000.0
29482041,400000.0
29496171,400000.0
29501668,400000.0
29483035,400000.0
64548022,400000.0
29496156,400000.0
58184521,400000.0
29505013,400000.0
29496149,400000.0
119628012,400000.0
29480028,400000.0
29482024,400000.0
29495785,400000.0
29485023,400000.0
29483023,400000.0
29502007,400000.0
29482020,400000.0
29496136,400000.0
58315018,400000.0
29499634,400000.0
29495629,400000.0
29499619,400000.0
58313004,400000.0
29483001,400000.0
29482001,400000.0
79980966,400000.0
29496611,400000.0
29496954,400000.0
29496600,400000.0
29496941,400000.0
29499592,400000.0
29496924,400000.0
29496920,400000.0
29496919,400000.0
29496069,400000.0
29496858,400000.0
29496568,400000.0
29499558,400000.0
70342833,400000.0
29496046,400000.0
29496830,400000.0
29491045,400000.0
29496823,400000.0
29499530,400000.0
58315309,400000.0
29496027,400000.0
58315302,400000.0
29491021,400000.0
251027801,400000.0
64444258,400000.0
29491013,400000.0
58315755,400000.0
29499508,400000.0
29495868,400000.0
79979170,400000.0
64742663,400000.0
80107564,400000.0
29496505,400000.0
110538921,400000.0
29322891,400000.0
29324376,400000.0
29324885,400000.0
83814958,400000.0
2102848933,400000.0
29323846,400000.0
29472776,400000.0
29322806,400000.0
249890804,400000.0
29324826,400000.0
64717909,400000.0
83822407,400000.0
29321979,400000.0
29323785,400000.0
29472880,400000.0
29323970,400000.0
83124263,400000.0
29323746,400000.0
29323740,400000.0
29322177,400000.0
29322175,400000.0
29322167,400000.0
251032850,400000.0
2079596843,400000.0
29322692,400000.0
29324178,400000.0
29323954,400000.0
62607832,400000.0
29472323,400000.0
64728317,400000.0
29325554,400000.0
29324540,400000.0
29322625,400000.0
29472302,400000.0
29324501,400000.0
29325082,400000.0
29324055,400000.0
2138036757,400000.0
29324030,400000.0
29475255,400000.0
29474908,400000.0
29474906,400000.0
29322021,400000.0
29474905,400000.0
145655903,400000.0
29325509,400000.0
29473389,400000.0
29322218,400000.0
29322005,400000.0
29322208,400000.0
29472612,400000.0
124835862,400000.0
29474703,400000.0
29473361,400000.0
29473699,400000.0
58312187,400000.0
29473686,400000.0
29473685,400000.0
29474839,400000.0
29473331,400000.0
29476814,400000.0
29474793,400000.0
29474960,400000.0
29474679,400000.0
2077646167,400000.0
58312162,400000.0
29473284,400000.0
121658767,400000.0
29473264,400000.0
251030632,400000.0
29322264,400000.0
29473260,400000.0
29474618,400000.0
29322259,400000.0
2094430936,400000.0
241938475,400000.0
121655245,400000.0
124842240,400000.0
29473092,400000.0
89551733,400000.0
29476972,400000.0
29473534,400000.0
29473577,400000.0
2141852471,400000.0
29472717,400000.0
29476970,400000.0
29473557,400000.0
29472687,400000.0
29472680,400000.0
58312175,400000.0
2094674171,400000.0
29473018,400000.0
29472163,400000.0
29322657,400000.0
119626651,400000.0
29472629,400000.0
29473468,400000.0
29475114,400000.0
29472614,400000.0
58187108,400000.0
29472602,400000.0
79980101,400000.0
124844599,400000.0
29475098,400000.0
29474589,400000.0
29474587,400000.0
29475051,400000.0
145656047,400000.0
2094495422,400000.0
29475031,400000.0
29475004,400000.0
29361817,400000.0
29368665,400000.0
29421823,400000.0
2078754988,400000.0
79980484,400000.0
29359482,400000.0
29555259,400000.0
29593758,400000.0
243342252,400000.0
29555235,400000.0
29609701,400000.0
29555200,400000.0
29609684,400000.0
29609681,400000.0
29609662,400000.0
29603139,400000.0
29549595,400000.0
250928084,400000.0
96639084,400000.0
29573909,400000.0
58265906,400000.0
29557404,400000.0
29554904,400000.0
185203902,400000.0
29564877,400000.0
29596376,400000.0
29574631,400000.0
29547367,400000.0
29588365,400000.0
29588493,400000.0
29578358,400000.0
29596353,400000.0
29596349,400000.0
58265848,400000.0
29547345,400000.0
29592825,400000.0
29596324,400000.0
29564822,400000.0
29591811,400000.0
29557309,400000.0
29595300,400000.0
29564792,400000.0
29375783,400000.0
29614462,400000.0
29557274,400000.0
29549767,400000.0
29557260,400000.0
29557259,400000.0
185203749,400000.0
185162235,400000.0
29572742,400000.0
29557240,400000.0
29572739,400000.0
29590236,400000.0
29572733,400000.0
29557230,400000.0
29592226,400000.0
29549710,400000.0
29573705,400000.0
29567703,400000.0
29592200,400000.0
29567695,400000.0
29442299,400000.0
29567682,400000.0
29557181,400000.0
29557179,400000.0
29371554,400000.0
29570667,400000.0
29584666,400000.0
29567666,400000.0
29572663,400000.0
29604659,400000.0
29573655,400000.0
29567655,400000.0
29554990,400000.0
29558155,400000.0
29572654,400000.0
29604647,400000.0
29582481,400000.0
185188646,400000.0
29598646,400000.0
29598645,400000.0
29574642,400000.0
29444223,400000.0
29604633,400000.0
29584630,400000.0
29549620,400000.0
29558119,400000.0
29565115,400000.0
29598613,400000.0
29558107,400000.0
29555103,400000.0
29572599,400000.0
29567598,400000.0
29572586,400000.0
29574582,400000.0
29595332,400000.0
29555034,400000.0
29369525,400000.0
29572519,400000.0
29565013,400000.0
29555010,400000.0
185187009,400000.0
29582509,400000.0
29444936,400000.0
29441312,400000.0
94641990,400000.0
29345947,400000.0
29345938,400000.0
29347437,400000.0
29344429,400000.0
29342928,400000.0
58302445,400000.0
29344409,400000.0
29346407,400000.0
29349499,400000.0
29349400,400000.0
29342899,400000.0
29344380,400000.0
29341876,400000.0
29338927,400000.0
29346373,400000.0
29335914,400000.0
29337911,400000.0
29347867,400000.0
29333909,400000.0
29346360,400000.0
58297907,400000.0
29337387,400000.0
29349325,400000.0
29349324,400000.0
2124070859,400000.0
29346317,400000.0
58297856,400000.0
29337855,400000.0
29346308,400000.0
29337486,400000.0
29337333,400000.0
29338824,400000.0
29337822,400000.0
29345772,400000.0
29404935,400000.0
241933815,400000.0
29341806,400000.0
29346257,400000.0
29349255,400000.0
29408929,400000.0
62605927,400000.0
29344253,400000.0
29407926,400000.0
29347750,400000.0
29338781,400000.0
29404920,400000.0
29346220,400000.0
29334982,400000.0
29398911,400000.0
29336908,400000.0
29335247,400000.0
29341708,400000.0
29408905,400000.0
29348197,400000.0
29336901,400000.0
29403396,400000.0
83124729,400000.0
80107884,400000.0
29343177,400000.0
29397879,400000.0
29336218,400000.0
29345661,400000.0
29345651,400000.0
29348147,400000.0
29333705,400000.0
29410359,400000.0
29402855,400000.0
29348141,400000.0
29407851,400000.0
29407850,400000.0
83124692,400000.0
29336191,400000.0
29333684,400000.0
29397840,400000.0
29350127,400000.0
29335179,400000.0
29399335,400000.0
29398335,400000.0
29334959,400000.0
29403331,400000.0
121656175,400000.0
29346119,400000.0
29335173,400000.0
29403326,400000.0
29339166,400000.0
29341164,400000.0
29408823,400000.0
29341163,400000.0
29408987,400000.0
29344101,400000.0
29335158,400000.0
29348100,400000.0
29349599,400000.0
29335458,400000.0
29349334,400000.0
29345592,400000.0
29344090,400000.0
29399300,400000.0
29335955,400000.0
29397296,400000.0
29339104,400000.0
29335601,400000.0
29337779,400000.0
29335600,400000.0
29398275,400000.0
29339099,400000.0
29403268,400000.0
29346465,400000.0
29403266,400000.0
29339090,400000.0
29428570,400000.0
58301763,400000.0
29398261,400000.0
29339086,400000.0
124836084,400000.0
58298078,400000.0
29343063,400000.0
29338575,400000.0
29338573,400000.0
29349550,400000.0
29336068,400000.0
29335067,400000.0
29343042,400000.0
29335544,400000.0
58297775,400000.0
29348023,400000.0
29399230,400000.0
2088379040,400000.0
29404978,400000.0
29406225,400000.0
29343007,400000.0
29338526,400000.0
29406224,400000.0
29335941,400000.0
29405977,400000.0
29339009,400000.0
29406202,400000.0
29408975,400000.0
29409195,400000.0
29403191,400000.0
29340191,400000.0
29406186,400000.0
29400474,400000.0
29410664,400000.0
29403163,400000.0
29406157,400000.0
29409148,400000.0
29405141,400000.0
29336968,400000.0
29409128,400000.0
29338614,400000.0
2086473113,400000.0
29340330,400000.0
29416551,400000.0
121656110,400000.0
29337107,400000.0
29408964,400000.0
29406088,400000.0
29404959,400000.0
29405080,400000.0
29398079,400000.0
29341078,400000.0
29400575,400000.0
29411455,400000.0
29410570,400000.0
29405069,400000.0
29337058,400000.0
29406055,400000.0
29401451,400000.0
2094615547,400000.0
29403039,400000.0
29406037,400000.0
29398037,400000.0
29406029,400000.0
29406028,400000.0
29337028,400000.0
29405007,400000.0
144249937,400000.0
29397503,400000.0
29397937,400000.0
29402387,400000.0
29436804,400000.0
70338581,400000.0
64429742,400000.0
29385301,400000.0
246936134,400000.0
29345924,400000.0
29345878,400000.0
29415871,400000.0
29345868,400000.0
29418867,400000.0
29416864,400000.0
29345837,400000.0
29347836,400000.0
29345812,400000.0
29417777,400000.0
29416769,400000.0
29417756,400000.0
2098619715,400000.0
29418686,400000.0
29418597,400000.0
29414573,400000.0
251030976,400000.0
29416973,400000.0
29420434,400000.0
29418884,400000.0
29418871,400000.0
29418860,400000.0
29420351,400000.0
29418837,400000.0
29416333,400000.0
29418819,400000.0
29417817,400000.0
29417812,400000.0
29416309,400000.0
29417804,400000.0
29417794,400000.0
29418293,400000.0
29418276,400000.0
29414759,400000.0
29416256,400000.0
29414752,400000.0
29414747,400000.0
29420233,400000.0
29418217,400000.0
251027709,400000.0
29414669,400000.0
2092400161,400000.0
29418153,400000.0
29415101,400000.0
29417088,400000.0
29418087,400000.0
29420565,400000.0
29420491,400000.0
29420556,400000.0
29418056,400000.0
29417056,400000.0
29420555,400000.0
2078238015,400000.0
29411442,400000.0
29410378,400000.0
29411350,400000.0
29342840,400000.0
29411337,400000.0
29411333,400000.0
29342830,400000.0
29411309,400000.0
29413982,400000.0
29342724,400000.0
144974710,400000.0
29342707,400000.0
29342706,400000.0
29344196,400000.0
29341684,400000.0
29342679,400000.0
29344173,400000.0
29342652,400000.0
29414141,400000.0
29414076,400000.0
29409061,400000.0
29413978,400000.0
29410460,400000.0
29414026,400000.0
29414020,400000.0
29414017,400000.0
114405448,400000.0
29412425,400000.0
2077418391,400000.0
29414885,400000.0
29414378,400000.0
145654874,400000.0
29414995,400000.0
29414359,400000.0
29413352,400000.0
2080449836,400000.0
29414836,400000.0
29412336,400000.0
29414326,400000.0
29413321,400000.0
29414818,400000.0
29412307,400000.0
29413304,400000.0
29412303,400000.0
29412293,400000.0
29412289,400000.0
29413251,400000.0
29413248,400000.0
29414191,400000.0
29410690,400000.0
29413160,400000.0
29413159,400000.0
29411657,400000.0
29413144,400000.0
29411633,400000.0
29411618,400000.0
29411614,400000.0
29413094,400000.0
89547567,400000.0
2086977545,400000.0
29411530,400000.0
2079918505,400000.0
29473281,400000.0
29392029,400000.0
29390174,400000.0
